UK region,Postcode,Avg asking price,Avg asking rent (pm),Sales per month,Avg. bedrooms,Avg. Population
East Midlands,DE1,"142,346",628,12,2,"14,438"
East Midlands,DE3,"267,574",775,21,3,"17,094"
East Midlands,DE4,"310,718",757,50,3,"33,461"
East Midlands,DE5,"211,534",624,20,3,"22,075"
East Midlands,DE6,"388,940",,30,3,"25,599"
East Midlands,DE7,"193,889",615,49,3,"49,998"
East Midlands,DE11,"200,707",652,46,3,"43,734"
East Midlands,DE12,"262,562",,25,3,"20,690"
East Midlands,DE13,"284,325",711,50,3,"40,249"
East Midlands,DE14,"163,150",582,21,2,"28,975"
East Midlands,DE15,"220,535",634,20,3,"24,069"
East Midlands,DE21,"202,374",679,44,3,"57,023"
East Midlands,DE22,"211,273",679,55,3,"46,003"
East Midlands,DE23,"206,741",653,40,3,"59,979"
East Midlands,DE24,"162,080",636,46,3,"54,396"
East Midlands,DE45,"351,667",,11,3,"8,764"
East Midlands,DE55,"190,289",582,48,3,"51,182"
East Midlands,DE56,"263,780",798,45,3,"39,812"
East Midlands,DE65,"271,053",,31,3,"23,074"
East Midlands,DE72,"291,110","1,057",25,3,"20,453"
East Midlands,DE73,"281,681",833,19,3,"19,040"
East Midlands,DE74,"293,980",,14,3,"11,262"
East Midlands,DE75,"184,375",,16,3,"18,589"
East Midlands,DN1,"128,306",437,4,2,"8,564"
East Midlands,DN2,"159,165",530,15,3,"24,674"
East Midlands,DN3,"177,110",666,29,3,"30,083"
East Midlands,DN4,"155,818",590,54,3,"53,722"
East Midlands,DN5,"158,612",627,32,3,"40,543"
East Midlands,DN6,"152,453",,22,3,"31,041"
East Midlands,DN7,"171,325",,17,3,"24,521"
East Midlands,DN8,"151,599",,16,3,"17,577"
East Midlands,DN9,"259,096",,23,3,"19,790"
East Midlands,DN10,"312,670",,15,3,"12,313"
East Midlands,DN11,"183,629",628,23,3,"28,344"
East Midlands,DN12,"128,304",,20,3,"24,092"
East Midlands,DN14,"208,354",562,55,3,"46,330"
East Midlands,DN15,"154,661",487,25,3,"36,591"
East Midlands,DN16,"141,697",513,27,3,"31,697"
East Midlands,DN17,"175,220",,32,3,"37,168"
East Midlands,DN18,"162,130",,21,3,"11,932"
East Midlands,DN19,"229,859",,8,3,"6,296"
East Midlands,DN20,"208,199",,22,3,"19,373"
East Midlands,DN21,"161,637",521,36,3,"37,066"
East Midlands,DN22,"216,094",591,40,3,"35,940"
East Midlands,DN31,"73,258",464,8,2,"9,598"
East Midlands,DN32,"103,294",457,22,3,"29,056"
East Midlands,DN33,"169,212",,17,3,"19,406"
East Midlands,DN34,"127,870",,18,3,"19,210"
East Midlands,DN35,"140,155",516,42,3,"34,530"
East Midlands,DN36,"237,385",,26,3,"19,200"
East Midlands,DN37,"189,043",,14,3,"21,700"
East Midlands,DN38,,,2,3,"2,886"
East Midlands,DN39,"283,140",,4,3,"2,781"
East Midlands,DN40,"147,638",,9,3,"12,072"
East Midlands,DN41,"211,229",,10,3,"6,279"
East Midlands,LE1,"133,533",656,3,2,"13,367"
East Midlands,LE2,"251,527",794,67,3,"118,270"
East Midlands,LE3,"224,073",784,76,3,"101,091"
East Midlands,LE4,"238,361",785,55,3,"96,921"
East Midlands,LE5,"262,852",747,48,3,"85,528"
East Midlands,LE6,"266,104",,17,3,"11,973"
East Midlands,LE7,"307,476",742,60,3,"44,741"
East Midlands,LE8,"295,869",854,47,3,"34,931"
East Midlands,LE9,"269,241",682,62,3,"55,170"
East Midlands,LE10,"259,209",711,62,3,"47,511"
East Midlands,LE11,"218,886",718,41,3,"60,318"
East Midlands,LE12,"275,385",718,90,3,"61,907"
East Midlands,LE13,"239,835",603,30,3,"27,092"
East Midlands,LE14,"347,068",,23,3,"17,261"
East Midlands,LE15,"307,279",806,45,3,"32,513"
East Midlands,LE16,"347,581",848,59,3,"34,458"
East Midlands,LE17,"332,202",859,27,3,"20,768"
East Midlands,LE18,"250,282",776,29,3,"32,350"
East Midlands,LE19,"305,717",,17,2,"14,788"
East Midlands,LE65,"326,548",730,13,3,"14,162"
East Midlands,LE67,"255,149",692,70,3,"58,769"
East Midlands,LN1,"244,861",687,36,3,"28,261"
East Midlands,LN2,"241,985",672,39,3,"38,576"
East Midlands,LN3,"252,335",,14,3,"8,884"
East Midlands,LN4,"236,605",761,36,3,"38,480"
East Midlands,LN5,"196,049",562,37,3,"32,965"
East Midlands,LN6,"219,622",738,68,3,"57,524"
East Midlands,LN7,"254,152",,4,3,"6,041"
East Midlands,LN8,"238,660",,20,3,"17,226"
East Midlands,LN9,"227,946",,14,3,"9,687"
East Midlands,LN10,"302,343",,5,3,"5,977"
East Midlands,LN11,"221,918",572,29,3,"28,197"
East Midlands,LN12,"208,444",,20,3,"13,244"
East Midlands,LN13,"234,517",,10,3,"7,797"
East Midlands,NG1,"151,777",913,8,2,"13,245"
East Midlands,NG2,"268,893",841,64,3,"58,628"
East Midlands,NG3,"209,160",752,42,3,"48,440"
East Midlands,NG4,"199,668",691,42,3,"40,807"
East Midlands,NG5,"186,409",691,86,3,"87,066"
East Midlands,NG6,"159,259",675,24,3,"37,861"
East Midlands,NG7,"180,181",755,16,3,"56,435"
East Midlands,NG8,"221,074",887,40,3,"63,834"
East Midlands,NG9,"250,079",772,67,3,"73,300"
East Midlands,NG10,"202,811",647,46,3,"46,868"
East Midlands,NG11,"232,492",835,38,3,"37,614"
East Midlands,NG12,"303,053",980,45,3,"32,870"
East Midlands,NG13,"318,927",791,34,3,"21,469"
East Midlands,NG14,"327,147",,25,3,"19,375"
East Midlands,NG15,"221,638",704,49,3,"40,100"
East Midlands,NG16,"203,833",679,58,3,"63,697"
East Midlands,NG17,"175,390",620,61,3,"72,893"
East Midlands,NG18,"189,985",562,36,3,"42,273"
East Midlands,NG19,"165,930",598,45,3,"51,628"
East Midlands,NG20,"144,955",578,16,3,"26,247"
East Midlands,NG21,"187,966",,25,3,"22,112"
East Midlands,NG22,"260,137",,25,3,"26,156"
East Midlands,NG23,"366,976",,21,3,"17,435"
East Midlands,NG24,"203,983",625,62,3,"44,768"
East Midlands,NG25,"407,580",,14,3,"8,992"
East Midlands,NG31,"184,450",603,52,3,"44,263"
East Midlands,NG32,"330,167",,11,3,"12,985"
East Midlands,NG33,"358,475",,11,3,"9,709"
East Midlands,NG34,"228,054",,55,3,"40,823"
East Midlands,S1,"119,546",625,4,2,"9,829"
East Midlands,S2,"135,634",676,18,2,"44,623"
East Midlands,S3,"123,931",663,4,2,"19,139"
East Midlands,S4,"97,605",,6,3,"13,867"
East Midlands,S5,"120,788",,28,3,"60,467"
East Midlands,S6,"187,588",695,51,3,"58,237"
East Midlands,S7,"277,101",758,19,3,"17,453"
East Midlands,S8,"204,268",682,40,3,"45,911"
East Midlands,S9,"130,148",,10,2,"27,903"
East Midlands,S10,"265,969",879,37,3,"48,200"
East Midlands,S11,"292,374",876,32,3,"34,269"
East Midlands,S12,"159,050",,36,3,"34,591"
East Midlands,S13,"155,953",,21,3,"30,707"
East Midlands,S14,"109,331",,2,2,"9,424"
East Midlands,S17,"421,212",,22,3,"15,483"
East Midlands,S18,"280,199",,19,3,"24,856"
East Midlands,S20,"186,169",,35,3,"31,211"
East Midlands,S21,"182,759",,17,3,"20,778"
East Midlands,S25,"197,597",,19,3,"20,863"
East Midlands,S26,"199,334",,32,3,"25,865"
East Midlands,S32,"351,324",,4,3,"5,815"
East Midlands,S33,"383,748",,5,3,"4,974"
East Midlands,S35,"215,971",,37,3,"41,369"
East Midlands,S36,"216,236",649,25,3,"27,409"
East Midlands,S40,"201,633",622,35,2,"34,938"
East Midlands,S41,"199,458",607,29,3,"36,451"
East Midlands,S42,"238,552",617,26,3,"28,248"
East Midlands,S43,"179,493",591,36,3,"40,539"
East Midlands,S44,"184,130",,25,3,"21,703"
East Midlands,S45,"225,128",,11,3,"13,720"
East Midlands,S60,"191,756",591,40,2,"37,979"
East Midlands,S61,"135,673",,34,3,"35,866"
East Midlands,S62,"121,948",,13,3,"19,772"
East Midlands,S63,"134,131",486,36,3,"37,897"
East Midlands,S64,"134,946",477,18,3,"30,807"
East Midlands,S65,"149,326",,19,3,"35,222"
East Midlands,S66,"183,413",,42,3,"45,857"
East Midlands,S70,"126,228",505,25,2,"38,517"
East Midlands,S71,"150,450",541,38,3,"45,194"
East Midlands,S72,"151,232",,23,3,"25,333"
East Midlands,S73,"134,275",492,22,3,"26,971"
East Midlands,S74,"141,701",,14,3,"17,839"
East Midlands,S75,"203,504",613,44,3,"43,566"
East Midlands,S80,"149,011",498,23,3,"29,926"
East Midlands,S81,"211,332",649,25,3,"37,449"
East of England,AL1,"489,381","1,271",51,2,"36,253"
East of England,AL2,"543,085","1,222",26,3,"23,314"
East of England,AL3,"599,723","1,438",42,3,"27,971"
East of England,AL4,"569,936","1,387",33,3,"27,203"
East of England,AL5,"703,862","1,353",40,3,"30,449"
East of England,AL6,"734,073",,21,3,"11,181"
East of England,AL7,"359,927","1,056",36,2,"33,930"
East of England,AL8,"438,224",,10,3,"13,362"
East of England,AL9,"603,834","1,348",12,3,"10,638"
East of England,AL10,"344,631","1,355",25,3,"35,360"
East of England,CB1,"460,378","1,233",43,2,"48,571"
East of England,CB2,"495,831","1,528",8,3,"18,092"
East of England,CB3,"562,832","1,450",11,3,"16,067"
East of England,CB4,"383,907","1,088",32,2,"41,852"
East of England,CB5,"458,374","1,143",10,3,"12,066"
East of England,CB6,"325,081",907,44,3,"38,013"
East of England,CB7,"302,023",961,33,3,"26,687"
East of England,CB8,"337,664",977,35,3,"33,301"
East of England,CB9,"282,934",,28,3,"32,845"
East of England,CB10,"476,974","1,097",18,3,"13,786"
East of England,CB11,"444,315","1,128",30,3,"17,750"
East of England,CB21,"471,121",,18,3,"15,487"
East of England,CB22,"470,907",,27,3,"24,052"
East of England,CB23,"358,318",,40,3,"30,940"
East of England,CB24,"392,121",,34,3,"32,885"
East of England,CB25,"378,926",,21,3,"17,795"
East of England,CM0,"369,447",,25,3,"15,962"
East of England,CM1,"344,056","1,043",80,3,"62,621"
East of England,CM2,"353,611","1,015",85,3,"58,244"
East of England,CM3,"440,326","1,060",73,3,"53,817"
East of England,CM4,"696,971","1,179",15,3,"10,032"
East of England,CM5,"499,134",,11,3,"10,535"
East of England,CM6,"451,730","1,173",41,3,"24,925"
East of England,CM7,"308,941",936,62,3,"48,688"
East of England,CM8,"290,634",934,45,3,"33,002"
East of England,CM9,"375,658",,48,3,"33,202"
East of England,CM11,"532,995",,26,3,"19,283"
East of England,CM12,"506,625","1,265",34,3,"20,042"
East of England,CM13,"515,639","1,233",40,3,"24,715"
East of England,CM14,"369,031","1,177",30,2,"19,442"
East of England,CM15,"557,104","1,267",34,3,"23,277"
East of England,CM16,"597,781","1,264",31,3,"22,211"
East of England,CM17,"380,928","1,306",38,3,"21,268"
East of England,CM18,"274,900","1,117",17,3,"24,257"
East of England,CM19,"329,459","1,237",14,3,"19,307"
East of England,CM20,"286,079","1,107",12,2,"21,144"
East of England,CM21,"448,471",,15,3,"10,865"
East of England,CM22,"516,966",,18,3,"13,712"
East of England,CM23,"439,837","1,080",57,3,"40,374"
East of England,CM24,"451,386",,12,3,"6,752"
East of England,CM77,"418,389",,19,3,"15,473"
East of England,CO1,"219,446",862,27,2,"15,332"
East of England,CO2,"227,526","1,009",46,3,"33,466"
East of England,CO3,"338,075",911,49,3,"28,486"
East of England,CO4,"286,660","1,145",61,3,"47,821"
East of England,CO5,"406,391",,45,3,"28,207"
East of England,CO6,"396,688",995,43,3,"28,519"
East of England,CO7,"343,359","1,031",39,3,"32,901"
East of England,CO8,,,3,3,"2,282"
East of England,CO9,"322,460",728,38,3,"25,162"
East of England,CO10,"330,564",814,71,3,"46,602"
East of England,CO11,"331,932",,21,3,"12,978"
East of England,CO12,"232,259",771,27,3,"22,251"
East of England,CO13,"349,102",,30,3,"12,279"
East of England,CO14,"246,737",,12,2,"6,660"
East of England,CO15,"230,341",847,65,2,"43,475"
East of England,CO16,"288,405",,38,3,"23,589"
East of England,HP1,"387,125","1,100",34,3,"24,597"
East of England,HP2,"330,798",982,44,3,"38,478"
East of England,HP3,"398,379","1,150",43,3,"31,927"
East of England,HP4,"589,524","1,367",35,3,"23,917"
East of England,HP5,"416,624","1,168",34,3,"25,277"
East of England,HP6,"542,575","1,396",19,3,"14,141"
East of England,HP7,"599,451","1,532",13,3,"10,592"
East of England,HP8,"926,730",,11,4,"6,895"
East of England,HP9,"945,555","1,706",21,3,"17,213"
East of England,HP10,"479,678","1,342",28,3,"19,395"
East of England,HP11,"265,797",975,13,2,"14,064"
East of England,HP12,"311,838","1,026",15,3,"22,148"
East of England,HP13,"320,545","1,000",44,3,"42,654"
East of England,HP14,"524,922","1,435",18,3,"17,318"
East of England,HP15,"518,870",,33,3,"17,494"
East of England,HP16,"581,704",,19,3,"11,956"
East of England,HP17,"515,473",,19,3,"9,643"
East of England,HP18,"424,210",,24,3,"13,529"
East of England,HP19,"277,256",928,29,3,"23,639"
East of England,HP20,"265,827",869,18,2,"14,743"
East of England,HP21,"301,210",915,36,3,"33,489"
East of England,HP22,"494,615","1,298",37,3,"24,984"
East of England,HP23,"535,847","1,247",24,3,"17,541"
East of England,HP27,"492,456",,19,3,"12,489"
East of England,IP1,"207,157",692,39,2,"39,363"
East of England,IP2,"206,829",741,31,3,"30,997"
East of England,IP3,"233,272",802,37,3,"34,308"
East of England,IP4,"248,705",750,42,3,"36,429"
East of England,IP5,"309,970",850,20,3,"19,861"
East of England,IP6,"321,374",,21,3,"16,150"
East of England,IP7,"362,543",,18,3,"16,770"
East of England,IP8,"321,670",,12,3,"10,816"
East of England,IP9,"369,076",,10,3,"11,491"
East of England,IP10,"441,000",,5,3,"3,207"
East of England,IP11,"271,602",733,29,3,"29,290"
East of England,IP12,"389,833","1,032",33,3,"24,326"
East of England,IP13,"374,689",,19,3,"18,032"
East of England,IP14,"288,678",759,59,3,"39,112"
East of England,IP15,"508,636",,5,3,"2,444"
East of England,IP16,"274,869",,12,3,"6,560"
East of England,IP17,"325,794",,18,3,"10,945"
East of England,IP18,"541,100",,10,3,"4,055"
East of England,IP19,"324,083",,17,3,"9,964"
East of England,IP20,"304,491",,13,3,"7,810"
East of England,IP21,"333,754",,14,3,"11,054"
East of England,IP22,"322,280",723,29,3,"21,704"
East of England,IP23,"347,777",,15,3,"7,224"
East of England,IP24,"240,130","1,005",21,3,"27,831"
East of England,IP25,"260,385",,29,3,"18,164"
East of England,IP26,"300,357",,11,3,"9,016"
East of England,IP27,"238,126","1,177",18,3,"19,015"
East of England,IP28,"276,933","1,203",27,3,"24,785"
East of England,IP29,"412,754",,9,3,"8,810"
East of England,IP30,"370,803",,19,3,"13,729"
East of England,IP31,"386,956",,30,3,"21,107"
East of England,IP32,"300,189","1,082",14,3,"16,903"
East of England,IP33,"285,126","1,056",26,2,"24,394"
East of England,LU1,"215,809",662,20,2,"43,432"
East of England,LU2,"285,365",878,57,3,"56,481"
East of England,LU3,"294,933",981,39,3,"61,454"
East of England,LU4,"287,619","1,027",24,3,"51,538"
East of England,LU5,"306,740",984,38,3,"38,035"
East of England,LU6,"310,606",857,45,3,"31,299"
East of England,LU7,"355,656",937,90,3,"53,810"
East of England,NR1,"211,583",833,32,2,"24,541"
East of England,NR2,"259,294",902,25,2,"25,782"
East of England,NR3,"204,609",751,34,2,"32,672"
East of England,NR4,"349,803","1,153",23,3,"22,331"
East of England,NR5,"250,393","1,137",22,3,"28,823"
East of England,NR6,"256,823",,32,3,"24,172"
East of England,NR7,"268,715",804,38,3,"32,047"
East of England,NR8,"278,842",860,38,3,"20,321"
East of England,NR9,"330,398",,32,3,"17,154"
East of England,NR10,"304,038",,24,3,"22,761"
East of England,NR11,"321,333",,21,3,"17,534"
East of England,NR12,"329,354",,33,3,"20,440"
East of England,NR13,"344,979",,37,3,"26,691"
East of England,NR14,"364,305",,39,3,"23,676"
East of England,NR15,"341,180",,21,3,"15,806"
East of England,NR16,"364,562",,17,3,"12,051"
East of England,NR17,"293,275",,29,3,"15,801"
East of England,NR18,"301,705",977,30,3,"17,462"
East of England,NR19,"236,360",722,23,3,"20,332"
East of England,NR20,"343,166",,22,3,"19,145"
East of England,NR21,"292,017",,23,3,"15,893"
East of England,NR23,"381,152",,7,3,"3,067"
East of England,NR24,"325,499",,8,3,"4,409"
East of England,NR25,"417,992",,21,3,"8,851"
East of England,NR26,"350,817",,16,3,"8,410"
East of England,NR27,"277,239",,16,3,"11,806"
East of England,NR28,"259,977",,22,3,"17,331"
East of England,NR29,"246,217",,41,3,"20,019"
East of England,NR30,"170,927",644,29,2,"30,729"
East of England,NR31,"211,014",712,53,3,"49,980"
East of England,NR32,"204,003",638,39,3,"38,189"
East of England,NR33,"211,864",,51,3,"39,592"
East of England,NR34,"292,069",,24,3,"22,370"
East of England,NR35,"273,505",,15,3,"10,878"
East of England,PE1,"186,154",704,23,2,"49,128"
East of England,PE2,"206,610",793,45,3,"44,286"
East of England,PE3,"224,142",760,16,3,"28,875"
East of England,PE4,"204,495",726,26,3,"28,267"
East of England,PE6,"288,494",782,49,3,"35,872"
East of England,PE7,"246,295",780,54,3,"42,722"
East of England,PE8,"362,217",942,22,3,"17,744"
East of England,PE9,"373,078",956,50,3,"31,073"
East of England,PE10,"254,910",743,22,3,"22,032"
East of England,PE11,"228,239",667,47,3,"43,066"
East of England,PE12,"254,339",584,51,3,"39,783"
East of England,PE13,"209,865",663,46,3,"35,183"
East of England,PE14,"302,527",752,23,3,"20,847"
East of England,PE15,"245,389",697,33,3,"29,866"
East of England,PE16,"232,482",,10,3,"10,432"
East of England,PE19,"315,655",857,68,3,"43,793"
East of England,PE20,"233,934",,14,3,"14,114"
East of England,PE21,"168,612",614,33,3,"42,839"
East of England,PE22,"251,512",,20,3,"16,810"
East of England,PE23,"243,257",,13,3,"8,681"
East of England,PE24,"226,036",,13,3,"11,640"
East of England,PE25,"183,466",,17,2,"21,731"
East of England,PE26,"255,246",,13,3,"11,766"
East of England,PE27,"280,227",981,26,3,"19,904"
East of England,PE28,"355,568",975,55,3,"47,928"
East of England,PE29,"244,910",833,28,2,"29,522"
East of England,PE30,"196,808",647,32,3,"43,995"
East of England,PE31,"365,896",,36,3,"19,904"
East of England,PE32,"325,923",,18,3,"15,316"
East of England,PE33,"281,814",,15,3,"15,804"
East of England,PE34,"278,293",,19,3,"13,973"
East of England,PE36,"309,424",,14,3,"6,362"
East of England,PE37,"259,184",,17,3,"10,218"
East of England,PE38,"246,494",788,21,3,"14,855"
East of England,SG1,"297,291","1,051",61,3,"51,296"
East of England,SG2,"336,528","1,106",50,3,"42,070"
East of England,SG3,"451,708",,6,3,"7,064"
East of England,SG4,"459,199","1,025",35,3,"28,910"
East of England,SG5,"407,756","1,046",56,3,"31,306"
East of England,SG6,"361,122",940,43,3,"33,166"
East of England,SG7,"413,571",898,12,3,"13,324"
East of England,SG8,"424,405",923,49,3,"38,180"
East of England,SG9,"498,060",,17,3,"9,510"
East of England,SG10,"599,374",,2,3,"2,089"
East of England,SG11,"560,237",,9,3,"8,088"
East of England,SG12,"393,348","1,155",40,3,"29,700"
East of England,SG13,"449,699","1,173",26,3,"16,263"
East of England,SG14,"415,220","1,137",31,3,"18,769"
East of England,SG15,"293,372",,11,3,"5,584"
East of England,SG16,"388,850",,14,3,"6,091"
East of England,SG17,"402,864",,26,3,"12,319"
East of England,SG18,"355,020",931,48,3,"23,934"
East of England,SG19,"361,710",,33,3,"24,197"
East of England,SS0,"277,186",878,52,3,"41,212"
East of England,SS1,"306,665",851,35,2,"26,369"
East of England,SS2,"282,554",970,36,2,"36,418"
East of England,SS3,"337,882",,30,3,"28,499"
East of England,SS4,"354,738","1,084",26,3,"20,773"
East of England,SS5,"447,943",,26,3,"21,681"
East of England,SS6,"399,569","1,207",52,3,"32,035"
East of England,SS7,"388,588","1,056",71,3,"49,121"
East of England,SS8,"307,937",925,42,3,"38,138"
East of England,SS9,"412,860","1,035",81,3,"49,984"
East of England,SS11,"387,495",,31,3,"16,804"
East of England,SS12,"377,987",976,24,3,"18,069"
East of England,SS13,"282,442","1,002",17,3,"22,057"
East of England,SS14,"284,522","1,034",16,2,"25,100"
East of England,SS15,"314,860","1,167",33,3,"28,608"
East of England,SS16,"344,134","1,128",30,3,"29,572"
East of England,SS17,"344,417",985,33,3,"32,518"
Greater London,BR1,"437,775","1,322",52,2,"55,947"
Greater London,BR2,"487,431","1,298",64,3,"44,903"
Greater London,BR3,"467,103","1,281",72,3,"47,411"
Greater London,BR4,"645,275",,21,3,"19,361"
Greater London,BR5,"419,831","1,203",56,3,"46,003"
Greater London,BR6,"545,092","1,451",68,3,"46,055"
Greater London,BR7,"649,223","1,870",27,3,"17,322"
Greater London,BR8,"384,705","1,168",34,3,"22,044"
Greater London,CR0,"344,196","1,192",118,2,"153,811"
Greater London,CR2,"413,519","1,212",48,3,"48,427"
Greater London,CR3,"390,024","1,200",39,3,"28,748"
Greater London,CR4,"395,038","1,259",36,3,"58,286"
Greater London,CR5,"537,984","1,442",44,3,"28,764"
Greater London,CR6,"498,802",,14,3,"9,881"
Greater London,CR7,"356,174","1,111",22,3,"44,620"
Greater London,CR8,"464,802","1,316",42,3,"32,305"
Greater London,DA1,"304,333","1,212",63,2,"53,062"
Greater London,DA2,"376,150","1,331",30,3,"22,421"
Greater London,DA3,"467,568",,22,3,"16,791"
Greater London,DA4,"410,159",,15,3,"9,286"
Greater London,DA5,"496,222","1,391",33,3,"20,525"
Greater London,DA6,"430,363",,15,3,"10,053"
Greater London,DA7,"444,869","1,364",45,3,"34,811"
Greater London,DA8,"335,000","1,189",26,2,"32,927"
Greater London,DA9,"278,860","1,111",24,2,"13,021"
Greater London,DA10,"333,225","1,098",7,2,"6,656"
Greater London,DA11,"294,506",978,32,3,"38,607"
Greater London,DA12,"330,799",978,40,3,"46,978"
Greater London,DA13,"494,911",,17,3,"14,191"
Greater London,DA14,"375,637","1,245",32,3,"21,876"
Greater London,DA15,"450,156","1,332",41,3,"29,123"
Greater London,DA16,"430,666","1,290",39,3,"35,896"
Greater London,DA17,"305,114","1,200",18,2,"17,129"
Greater London,E1,"576,164","1,883",35,2,"81,940"
Greater London,E2,"519,828","1,878",22,2,"46,219"
Greater London,E3,"430,358","1,617",38,2,"51,620"
Greater London,E4,"471,028","1,266",66,3,"60,234"
Greater London,E5,"522,589","1,534",27,2,"47,651"
Greater London,E6,"396,199","1,436",24,2,"78,955"
Greater London,E7,"441,401","1,371",19,3,"54,565"
Greater London,E8,"631,723","1,777",26,2,"39,071"
Greater London,E9,"515,115","1,746",25,2,"38,236"
Greater London,E10,"448,856","1,329",39,2,"42,953"
Greater London,E11,"497,933","1,315",52,2,"55,128"
Greater London,E12,"423,418","1,427",13,3,"41,869"
Greater London,E13,"376,736","1,476",14,2,"46,912"
Greater London,E14,"532,736","1,819",69,2,"79,811"
Greater London,E15,"428,746","1,562",24,2,"52,244"
Greater London,E16,"432,782","1,598",42,2,"44,874"
Greater London,E17,"471,876","1,412",117,2,"103,276"
Greater London,E18,"518,345","1,332",27,3,"19,022"
Greater London,EC1,"799,507","2,196",12,2,"27,051"
Greater London,EC2,"1,107,061","2,476",6,1,"4,695"
Greater London,EC4,"788,000","2,138",3,0,"1,181"
Greater London,EN1,"452,360","1,293",44,2,"45,678"
Greater London,EN2,"505,328","1,310",42,3,"29,462"
Greater London,EN3,"367,455","1,390",26,3,"55,875"
Greater London,EN4,"641,204","1,521",26,3,"25,767"
Greater London,EN5,"538,932","1,286",35,3,"37,049"
Greater London,EN6,"604,390","1,355",40,3,"29,075"
Greater London,EN7,"527,592",,33,3,"21,882"
Greater London,EN8,"364,093","1,127",45,2,"35,806"
Greater London,EN9,"384,716","1,143",26,3,"23,596"
Greater London,EN10,"448,366","1,104",21,3,"17,203"
Greater London,EN11,"362,413","1,052",28,3,"21,478"
Greater London,HA0,"447,253","1,356",19,3,"48,613"
Greater London,HA1,"433,771","1,275",22,2,"38,468"
Greater London,HA2,"463,930","1,412",33,3,"55,273"
Greater London,HA3,"494,192","1,303",37,3,"70,812"
Greater London,HA4,"525,767","1,339",73,3,"50,092"
Greater London,HA5,"601,779","1,353",47,3,"44,534"
Greater London,HA6,"612,826","1,443",20,3,"21,901"
Greater London,HA7,"595,327","1,551",27,3,"35,976"
Greater London,HA8,"511,989","1,402",39,3,"64,905"
Greater London,HA9,"469,173","1,547",15,3,"47,505"
Greater London,IG1,"386,023","1,223",23,2,"63,569"
Greater London,IG2,"442,433","1,313",15,3,"28,254"
Greater London,IG3,"468,049","1,277",16,3,"35,543"
Greater London,IG4,"636,072","1,120",4,3,"9,455"
Greater London,IG5,"529,166","1,377",14,3,"16,823"
Greater London,IG6,"450,503","1,445",27,3,"27,822"
Greater London,IG7,"561,946","1,640",23,3,"19,996"
Greater London,IG8,"555,843","1,435",41,3,"35,894"
Greater London,IG9,"543,635","1,339",22,3,"12,817"
Greater London,IG10,"481,876","1,362",39,3,"31,515"
Greater London,IG11,"315,301","1,348",20,2,"51,226"
Greater London,KT1,"510,362","1,478",23,2,"22,248"
Greater London,KT2,"615,784","1,548",41,3,"31,570"
Greater London,KT3,"626,504","1,494",33,3,"38,082"
Greater London,KT4,"517,300","1,368",37,3,"28,680"
Greater London,KT5,"515,708","1,244",26,3,"20,856"
Greater London,KT6,"458,630","1,375",42,2,"31,378"
Greater London,KT7,"699,180","2,207",17,3,"10,284"
Greater London,KT8,"532,642","1,351",29,3,"19,484"
Greater London,KT9,"436,746","1,301",26,3,"21,099"
Greater London,KT10,"816,781","2,268",27,3,"21,034"
Greater London,KT11,"876,243","2,704",27,3,"15,326"
Greater London,KT12,"536,067","1,357",54,3,"36,270"
Greater London,KT13,"653,877","1,550",37,3,"21,628"
Greater London,KT14,"454,257","1,201",21,3,"13,236"
Greater London,KT15,"397,220","1,121",39,3,"27,021"
Greater London,KT16,"378,774","1,182",28,3,"18,483"
Greater London,KT17,"494,230","1,178",33,3,"23,405"
Greater London,KT18,"515,319","1,344",25,3,"16,998"
Greater London,KT19,"496,661","1,370",55,3,"34,423"
Greater London,KT20,"539,655","1,411",35,3,"20,281"
Greater London,KT21,"583,771",,19,3,"13,464"
Greater London,KT22,"475,104","1,119",35,3,"23,908"
Greater London,KT23,"628,652",,15,3,"11,026"
Greater London,KT24,"954,334",,12,3,"9,036"
Greater London,N1,"682,723","1,951",59,2,"89,895"
Greater London,N2,"637,507","1,490",16,3,"23,879"
Greater London,N3,"638,879","1,471",21,3,"26,582"
Greater London,N4,"572,558","1,529",47,2,"46,723"
Greater London,N5,"690,337","1,822",22,2,"24,725"
Greater London,N6,"758,215","1,628",20,3,"19,407"
Greater London,N7,"522,945","1,626",23,2,"46,850"
Greater London,N8,"563,560","1,447",33,2,"39,674"
Greater London,N9,"360,831","1,347",22,2,"51,427"
Greater London,N10,"652,170","1,492",18,3,"27,533"
Greater London,N11,"510,278","1,380",22,3,"29,720"
Greater London,N12,"552,074","1,395",21,3,"28,757"
Greater London,N13,"515,870","1,343",26,3,"31,690"
Greater London,N14,"682,610","1,403",19,3,"30,175"
Greater London,N15,"461,702","1,414",23,2,"44,541"
Greater London,N16,"580,109","1,561",42,2,"68,468"
Greater London,N17,"433,998","1,457",24,2,"62,846"
Greater London,N18,"397,760","1,438",11,2,"31,658"
Greater London,N19,"554,432","1,560",21,2,"33,784"
Greater London,N20,"605,099","1,539",18,3,"18,967"
Greater London,N21,"619,617","1,354",22,3,"23,521"
Greater London,N22,"499,936","1,430",25,2,"42,996"
Greater London,NW1,"789,097","2,371",23,1,"60,881"
Greater London,NW2,"558,940","1,546",28,2,"67,539"
Greater London,NW3,"1,050,444","3,222",48,2,"51,741"
Greater London,NW4,"533,386","1,503",22,3,"32,003"
Greater London,NW5,"623,366","1,887",21,2,"30,948"
Greater London,NW6,"688,270","1,747",46,2,"62,656"
Greater London,NW7,"603,570","1,541",24,3,"25,222"
Greater London,NW8,"1,190,857","3,463",18,2,"33,831"
Greater London,NW9,"440,375","1,527",35,2,"59,932"
Greater London,NW10,"543,718","1,536",34,2,"91,820"
Greater London,NW11,"865,478","1,798",27,3,"32,572"
Greater London,RM1,"346,360","1,174",31,2,"20,054"
Greater London,RM2,"496,376","1,249",19,3,"13,240"
Greater London,RM3,"354,847","1,337",43,3,"40,267"
Greater London,RM4,"758,875",,5,3,"4,290"
Greater London,RM5,"407,683","1,290",27,3,"19,022"
Greater London,RM6,"357,333","1,429",21,3,"32,912"
Greater London,RM7,"368,821","1,346",30,2,"27,533"
Greater London,RM8,"343,598","1,400",23,2,"38,998"
Greater London,RM9,"333,825","1,397",20,2,"35,449"
Greater London,RM10,"337,727","1,373",16,3,"37,885"
Greater London,RM11,"492,503","1,246",38,3,"31,338"
Greater London,RM12,"429,383","1,318",52,3,"34,603"
Greater London,RM13,"405,971","1,379",30,3,"28,416"
Greater London,RM14,"538,120","1,321",33,3,"26,905"
Greater London,RM15,"312,416","1,007",28,3,"27,438"
Greater London,RM16,"374,328","1,206",48,3,"41,165"
Greater London,RM17,"278,654",935,24,2,"27,309"
Greater London,RM18,"284,714","1,024",10,3,"16,728"
Greater London,RM19,"212,242",965,6,2,"6,532"
Greater London,RM20,"260,353","1,064",6,2,"4,982"
Greater London,SE1,"739,276","2,124",50,2,"66,869"
Greater London,SE2,"376,970","1,283",11,3,"26,663"
Greater London,SE3,"551,171","1,503",33,3,"31,311"
Greater London,SE4,"513,600","1,454",34,2,"28,595"
Greater London,SE5,"473,465","1,755",31,2,"46,334"
Greater London,SE6,"394,328","1,233",45,2,"53,011"
Greater London,SE7,"451,959","1,315",20,3,"21,001"
Greater London,SE8,"435,864","1,478",15,2,"27,490"
Greater London,SE9,"426,868","1,333",55,3,"63,082"
Greater London,SE10,"567,826","1,655",35,2,"23,744"
Greater London,SE11,"574,433","1,856",12,2,"21,589"
Greater London,SE12,"433,493","1,361",25,2,"27,353"
Greater London,SE13,"396,115","1,309",48,2,"40,848"
Greater London,SE14,"453,491","1,519",18,2,"24,781"
Greater London,SE15,"497,854","1,713",44,2,"64,131"
Greater London,SE16,"473,900","1,729",28,2,"45,831"
Greater London,SE17,"522,997","1,862",12,2,"31,739"
Greater London,SE18,"391,455","1,373",49,2,"76,444"
Greater London,SE19,"399,493","1,296",36,2,"27,638"
Greater London,SE20,"365,394","1,124",28,2,"22,821"
Greater London,SE21,"619,524","1,704",18,3,"15,257"
Greater London,SE22,"592,566","1,601",30,2,"29,687"
Greater London,SE23,"458,749","1,335",38,2,"33,682"
Greater London,SE24,"634,548","1,582",17,3,"18,761"
Greater London,SE25,"333,865","1,124",29,2,"34,516"
Greater London,SE26,"429,154","1,280",29,2,"28,432"
Greater London,SE27,"486,816","1,413",26,2,"21,358"
Greater London,SE28,"298,975","1,205",10,2,"29,318"
Greater London,SM1,"379,323","1,207",47,2,"38,269"
Greater London,SM2,"400,196","1,168",31,3,"28,260"
Greater London,SM3,"472,465","1,223",31,3,"21,079"
Greater London,SM4,"426,751","1,285",32,3,"36,292"
Greater London,SM5,"401,162","1,166",47,3,"37,962"
Greater London,SM6,"355,685","1,079",43,3,"36,166"
Greater London,SM7,"613,304",,29,3,"18,556"
Greater London,SW1,"1,311,402","2,911",31,2,"52,635"
Greater London,SW2,"504,766","1,542",50,2,"54,240"
Greater London,SW3,"1,493,452","2,972",21,2,"22,097"
Greater London,SW4,"614,334","1,837",37,2,"40,199"
Greater London,SW5,"1,004,181","2,071",13,2,"15,276"
Greater London,SW6,"885,717","2,213",64,2,"65,236"
Greater London,SW7,"2,147,277","3,765",16,2,"19,587"
Greater London,SW8,"729,116","2,097",23,2,"35,152"
Greater London,SW9,"503,795","1,605",26,2,"42,070"
Greater London,SW10,"1,168,844","2,415",14,2,"18,510"
Greater London,SW11,"854,453","2,663",85,2,"70,152"
Greater London,SW12,"655,719","1,979",38,3,"31,261"
Greater London,SW13,"1,214,108","2,443",17,3,"15,873"
Greater London,SW14,"795,838","1,676",22,3,"16,718"
Greater London,SW15,"609,359","1,747",58,2,"60,422"
Greater London,SW16,"458,543","1,363",66,3,"81,546"
Greater London,SW17,"561,395","1,650",63,2,"64,566"
Greater London,SW18,"622,030","1,788",91,2,"59,837"
Greater London,SW19,"608,389","1,639",77,3,"77,439"
Greater London,SW20,"616,234","1,582",39,3,"28,402"
Greater London,TW1,"669,686","1,556",39,2,"26,065"
Greater London,TW2,"601,396","1,453",37,3,"30,246"
Greater London,TW3,"399,782","1,207",15,2,"39,561"
Greater London,TW4,"397,520","1,308",5,3,"27,899"
Greater London,TW5,"493,164","1,317",6,3,"29,196"
Greater London,TW7,"465,715","1,303",34,3,"37,586"
Greater London,TW8,"492,116","1,575",16,2,"20,204"
Greater London,TW9,"767,201","1,780",24,2,"21,556"
Greater London,TW10,"845,849","2,163",29,3,"19,291"
Greater London,TW11,"663,006","1,693",34,3,"23,198"
Greater London,TW12,"541,013","1,214",34,3,"23,227"
Greater London,TW13,"364,190","1,179",19,2,"36,127"
Greater London,TW14,"384,019","1,314",14,3,"27,980"
Greater London,TW15,"397,415","1,171",32,3,"27,818"
Greater London,TW16,"449,051","1,180",27,3,"20,480"
Greater London,TW17,"505,596","1,110",25,3,"14,090"
Greater London,TW18,"422,012","1,163",37,3,"25,458"
Greater London,TW19,"394,013","1,118",18,3,"16,177"
Greater London,TW20,"461,171","1,287",25,3,"24,889"
Greater London,UB1,"435,287","1,338",6,3,"40,143"
Greater London,UB2,"369,616","1,345",11,3,"32,098"
Greater London,UB3,"371,129","1,334",21,2,"48,474"
Greater London,UB4,"402,278","1,298",20,3,"39,573"
Greater London,UB5,"361,000","1,212",21,2,"45,198"
Greater London,UB6,"483,873","1,339",24,3,"50,948"
Greater London,UB7,"350,347","1,240",20,3,"29,741"
Greater London,UB8,"387,481","1,270",30,2,"36,120"
Greater London,UB9,"460,604","1,241",20,3,"14,336"
Greater London,UB10,"529,323","1,277",33,3,"33,615"
Greater London,W1,"2,016,313","3,307",20,1,"29,411"
Greater London,W2,"1,056,000","3,294",37,2,"47,574"
Greater London,W3,"530,999","1,477",28,2,"50,823"
Greater London,W4,"774,031","1,754",47,2,"44,295"
Greater London,W5,"636,070","1,598",30,2,"49,956"
Greater London,W6,"845,859","2,798",25,2,"35,669"
Greater London,W7,"514,886","1,365",22,3,"28,815"
Greater London,W8,"1,545,593","3,236",18,2,"20,414"
Greater London,W9,"762,245","1,999",20,2,"37,724"
Greater London,W10,"706,933","1,750",15,2,"33,637"
Greater London,W11,"1,100,149","2,457",25,2,"31,390"
Greater London,W12,"684,503","1,609",21,2,"48,273"
Greater London,W13,"624,089","1,435",30,3,"31,829"
Greater London,W14,"800,876","2,024",29,2,"36,955"
Greater London,WC1,"809,977","2,019",9,2,"28,338"
Greater London,WC2,"1,555,880","2,811",3,1,"6,478"
Greater London,WD3,"598,875","1,290",47,3,"40,832"
Greater London,WD4,"517,468","1,107",13,3,"11,247"
Greater London,WD5,"484,053",,13,3,"11,491"
Greater London,WD6,"447,115","1,250",34,3,"37,635"
Greater London,WD7,"800,417","2,430",16,3,"12,637"
Greater London,WD17,"432,034","1,153",20,3,"15,825"
Greater London,WD18,"345,586","1,179",19,2,"24,323"
Greater London,WD19,"431,950","1,351",32,3,"27,276"
Greater London,WD23,"545,394","1,232",30,3,"25,302"
Greater London,WD24,"373,442","1,154",29,3,"21,827"
Greater London,WD25,"431,598","1,231",28,3,"27,710"
North East,DH1,"222,670",748,34,3,"49,938"
North East,DH2,"140,815",503,26,3,"30,579"
North East,DH3,"147,993",546,20,3,"25,798"
North East,DH4,"140,284",533,23,3,"33,332"
North East,DH5,"116,174",516,18,3,"19,549"
North East,DH6,"120,492",465,31,3,"33,466"
North East,DH7,"124,125",502,38,3,"41,017"
North East,DH8,"130,800",506,34,3,"38,326"
North East,DH9,"92,164",467,31,3,"36,685"
North East,DL1,"119,617",502,40,2,"46,721"
North East,DL2,"252,851",,21,3,"17,196"
North East,DL3,"143,421",520,48,3,"44,074"
North East,DL4,"70,146",,9,2,"10,010"
North East,DL5,"132,681",,23,3,"29,219"
North East,DL6,"239,052",,14,3,"15,488"
North East,DL7,"243,974",,15,3,"16,065"
North East,DL8,"288,609",,24,3,"18,242"
North East,DL9,"160,206",,12,3,"15,753"
North East,DL10,"239,825",,22,3,"18,878"
North East,DL11,"371,298",,8,3,"5,035"
North East,DL12,"257,458",,14,3,"12,486"
North East,DL13,"167,259",,13,3,"13,867"
North East,DL14,"100,538",419,40,3,"37,237"
North East,DL15,"109,949",,24,3,"22,470"
North East,DL16,"128,981",,21,3,"19,701"
North East,DL17,"98,036",394,15,3,"17,623"
North East,HG1,"252,484",802,49,2,"34,461"
North East,HG2,"314,197","1,005",51,3,"33,032"
North East,HG3,"420,572","1,027",32,3,"26,337"
North East,HG4,"283,196",685,30,3,"25,982"
North East,HG5,"391,443",,26,3,"18,370"
North East,HU1,"139,876",598,2,2,"3,381"
North East,HU2,"91,358",568,2,2,"4,133"
North East,HU3,"102,370",437,11,2,"26,648"
North East,HU4,"141,875",,13,3,"23,107"
North East,HU5,"120,125",471,35,3,"51,120"
North East,HU6,"124,371",512,15,3,"33,515"
North East,HU7,"145,970",595,34,3,"42,150"
North East,HU8,"132,915",516,22,3,"34,194"
North East,HU9,"103,255",529,20,2,"41,067"
North East,HU10,"271,916",,19,3,"19,228"
North East,HU11,"208,514",,7,3,"12,361"
North East,HU12,"172,749",601,28,3,"25,490"
North East,HU13,"198,202",603,17,3,"15,063"
North East,HU14,"316,429",,16,3,"8,233"
North East,HU15,"238,833",652,31,3,"23,967"
North East,HU16,"231,197",630,19,3,"16,399"
North East,HU17,"250,774",646,59,3,"43,515"
North East,HU18,"184,240",,12,3,"8,603"
North East,HU19,"142,976",,7,3,"7,120"
North East,LS1,"158,946",972,4,1,"3,883"
North East,LS2,"158,405",967,3,2,"9,397"
North East,LS3,"159,082",709,,2,"4,941"
North East,LS4,"193,361","1,098",8,3,"9,003"
North East,LS5,"196,708",859,12,3,"8,755"
North East,LS6,"234,478","1,030",25,3,"47,491"
North East,LS7,"233,108",786,30,3,"29,413"
North East,LS8,"255,415",745,41,3,"47,781"
North East,LS9,"141,101",750,12,2,"37,376"
North East,LS10,"163,309",837,22,2,"35,594"
North East,LS11,"147,434",647,20,2,"34,734"
North East,LS12,"155,737",640,31,3,"40,736"
North East,LS13,"172,145",657,27,3,"34,748"
North East,LS14,"194,745",868,25,3,"33,993"
North East,LS15,"252,432",744,32,3,"34,715"
North East,LS16,"300,750",878,40,3,"35,200"
North East,LS17,"338,450",898,51,3,"43,160"
North East,LS18,"304,273",893,36,3,"19,156"
North East,LS19,"239,829",780,24,3,"19,825"
North East,LS20,"302,303",,18,3,"12,316"
North East,LS21,"279,077",,19,3,"17,845"
North East,LS22,"365,913",956,22,3,"15,737"
North East,LS23,"355,627",,10,3,"9,149"
North East,LS24,"324,292",,11,3,"11,809"
North East,LS25,"252,109",740,42,3,"40,224"
North East,LS26,"230,528",,33,3,"30,303"
North East,LS27,"191,683",661,38,3,"35,679"
North East,LS28,"209,026",712,55,3,"38,405"
North East,LS29,"356,631",829,45,3,"31,752"
North East,NE1,"151,583",845,4,2,"8,892"
North East,NE2,"208,589",853,15,3,"28,797"
North East,NE3,"204,451",791,52,3,"53,771"
North East,NE4,"127,195",675,12,3,"37,915"
North East,NE5,"154,090",598,32,3,"48,341"
North East,NE6,"132,530",666,24,2,"50,441"
North East,NE7,"198,979",649,14,3,"15,457"
North East,NE8,"119,277",580,23,2,"32,358"
North East,NE9,"147,224",599,27,3,"37,590"
North East,NE10,"118,755",568,18,3,"36,014"
North East,NE11,"128,225",,11,3,"16,348"
North East,NE12,"165,435",626,33,3,"34,654"
North East,NE13,"225,122",,29,3,"12,434"
North East,NE15,"144,522",560,18,3,"32,552"
North East,NE16,"178,796",,26,3,"25,637"
North East,NE17,"94,930",,3,3,"4,890"
North East,NE19,"271,150",,,3,"2,144"
North East,NE20,"429,067",,15,3,"11,796"
North East,NE21,"151,999",,17,3,"16,673"
North East,NE22,"138,026",,11,3,"18,093"
North East,NE23,"164,125",,30,3,"39,226"
North East,NE24,"129,053",448,32,3,"37,939"
North East,NE25,"198,473",657,33,3,"29,936"
North East,NE26,"266,455",,22,3,"19,167"
North East,NE27,"182,015",,19,2,"12,335"
North East,NE28,"124,777",477,32,3,"44,519"
North East,NE29,"139,765",542,28,3,"35,954"
North East,NE30,"238,609",671,31,3,"21,977"
North East,NE31,"142,218",,20,3,"19,774"
North East,NE32,"125,283",,14,3,"25,292"
North East,NE33,"102,733",517,23,2,"27,331"
North East,NE34,"146,083",,32,3,"52,101"
North East,NE35,"160,078",,6,3,"6,371"
North East,NE36,"201,669",,8,3,"6,839"
North East,NE37,"108,175",432,16,3,"21,032"
North East,NE38,"140,523",549,23,3,"31,232"
North East,NE39,"185,704",,10,3,"8,655"
North East,NE40,"162,880",,19,3,"15,753"
North East,NE41,"287,500",,3,3,"2,076"
North East,NE42,"176,142",,9,3,"12,625"
North East,NE43,"273,683",,4,3,"4,533"
North East,NE44,,,,4,"1,073"
North East,NE45,"422,536",,2,3,"3,707"
North East,NE46,"260,125",,14,3,"15,573"
North East,NE47,"347,996",,7,3,"7,733"
North East,NE48,"256,800",,4,3,"4,383"
North East,NE49,"145,794",,5,3,"4,403"
North East,NE61,"232,535",636,31,3,"32,422"
North East,NE62,"121,930",,5,3,"9,507"
North East,NE63,"111,331",447,20,3,"27,651"
North East,NE64,"112,264",,5,3,"6,248"
North East,NE65,"258,796",,29,3,"19,665"
North East,NE66,"268,106",,15,3,"17,444"
North East,NE67,,,3,3,968
North East,NE68,"290,954",,5,3,"1,975"
North East,NE70,"251,108",,2,3,"1,813"
North East,NE71,"180,585",,4,3,"2,963"
North East,SR1,"68,429",542,3,2,"5,336"
North East,SR2,"135,009",505,27,3,"33,440"
North East,SR3,"165,782",578,26,3,"38,306"
North East,SR4,"111,313",571,21,3,"41,793"
North East,SR5,"107,085",498,15,2,"34,594"
North East,SR6,"192,912",465,40,3,"30,268"
North East,SR7,"111,649",477,24,3,"31,175"
North East,SR8,"88,305",436,27,3,"35,442"
North East,TS1,"63,769",422,7,2,"16,994"
North East,TS3,"83,795",500,15,3,"29,253"
North East,TS4,"115,727",482,7,3,"16,966"
North East,TS5,"145,001",580,25,3,"39,387"
North East,TS6,"117,413",503,13,3,"30,241"
North East,TS7,"220,860",,27,3,"22,058"
North East,TS8,"166,344",,20,3,"21,266"
North East,TS9,"283,492",,16,3,"12,832"
North East,TS10,"141,102",489,27,3,"36,800"
North East,TS11,"162,467",,7,3,"11,822"
North East,TS12,"157,865",,20,3,"22,474"
North East,TS13,"120,738",,11,3,"9,975"
North East,TS14,"184,419",,17,3,"17,548"
North East,TS15,"272,368",,16,3,"12,891"
North East,TS16,"212,139",,12,3,"10,416"
North East,TS17,"137,891",575,37,3,"44,647"
North East,TS18,"138,002",428,19,3,"24,163"
North East,TS19,"138,068",546,22,3,"37,087"
North East,TS20,"130,734",517,17,3,"20,663"
North East,TS21,"218,619",,13,3,"12,472"
North East,TS22,"327,792",,13,3,"8,662"
North East,TS23,"117,771",559,24,3,"30,241"
North East,TS24,"98,715",468,10,2,"22,019"
North East,TS25,"119,227",402,31,3,"38,616"
North East,TS26,"144,652",455,26,3,"25,253"
North East,TS27,"116,358",,12,3,"12,193"
North East,TS28,"131,653",,4,3,"5,318"
North East,TS29,"98,193",,4,3,"6,300"
North East,WF1,"176,121",585,21,2,"34,122"
North East,WF2,"226,327",624,46,3,"50,884"
North East,WF3,"205,579",711,30,3,"32,484"
North East,WF4,"206,313",725,38,3,"43,055"
North East,WF5,"199,854",,19,3,"21,225"
North East,WF6,"181,266",561,13,3,"21,330"
North East,WF7,"176,870",647,16,3,"20,215"
North East,WF8,"200,712",622,31,3,"32,314"
North East,WF9,"153,960",539,32,3,"39,132"
North East,WF10,"165,887",612,45,3,"45,253"
North East,WF11,"162,411",,10,3,"17,033"
North East,WF12,"185,447",,23,3,"34,477"
North East,WF13,"121,949",,12,2,"27,521"
North East,WF14,"205,994",,21,3,"19,888"
North East,WF15,"168,522",,17,3,"17,728"
North East,WF16,"154,658",,13,3,"12,296"
North East,WF17,"165,211",516,28,3,"43,394"
North East,YO1,"337,476","1,081",5,1,"4,869"
North East,YO7,"280,334",,23,3,"20,020"
North East,YO8,"215,675",637,52,3,"43,544"
North East,YO10,"285,382",943,20,3,"30,535"
North East,YO11,"151,263",,20,2,"23,185"
North East,YO12,"167,313",,49,3,"40,744"
North East,YO13,"314,691",,11,3,"9,922"
North East,YO14,"207,187",,19,3,"11,291"
North East,YO15,"160,110",,21,3,"13,994"
North East,YO16,"164,387",,29,3,"25,102"
North East,YO17,"252,758",,18,3,"21,222"
North East,YO18,"289,401",,14,3,"10,870"
North East,YO19,"348,992",,14,3,"12,739"
North East,YO21,"271,822",,18,3,"14,415"
North East,YO22,"301,417",,8,3,"8,537"
North East,YO23,"339,954","1,184",31,3,"19,387"
North East,YO24,"267,803",821,33,3,"29,671"
North East,YO25,"231,395",534,50,3,"33,418"
North East,YO26,"316,903",935,30,3,"30,454"
North East,YO30,"266,869","1,041",33,3,"26,723"
North East,YO31,"283,985",936,30,3,"29,601"
North East,YO32,"316,157",,30,3,"28,505"
North East,YO41,"319,539",,11,3,"10,960"
North East,YO42,"308,618",,20,3,"14,451"
North East,YO43,"247,815",,19,3,"12,311"
North East,YO51,"324,031",,7,3,"5,541"
North East,YO60,"372,660",,6,3,"4,581"
North East,YO61,"352,534",,22,3,"13,911"
North East,YO62,"332,403",,15,3,"11,975"
North West,BB1,"150,668",539,46,3,"66,802"
North West,BB2,"139,839",530,43,3,"59,833"
North West,BB3,"129,771",506,36,3,"34,127"
North West,BB4,"203,093",650,49,3,"41,137"
North West,BB5,"127,427",478,57,3,"61,415"
North West,BB6,"164,763",,18,3,"14,602"
North West,BB7,"246,393",705,47,3,"31,637"
North West,BB8,"138,349",577,24,3,"23,032"
North West,BB9,"114,404",503,42,3,"44,577"
North West,BB10,"123,307",479,41,3,"37,158"
North West,BB11,"104,554",417,22,2,"22,417"
North West,BB12,"136,349",501,39,3,"34,620"
North West,BB18,"158,140",,22,3,"17,061"
North West,BD1,"52,412",512,6,2,"3,790"
North West,BD2,"150,458",,32,3,"29,667"
North West,BD3,"94,579",,13,3,"33,205"
North West,BD4,"128,404",564,24,3,"31,127"
North West,BD5,"103,730",,11,3,"31,969"
North West,BD6,"135,181",,27,3,"29,771"
North West,BD7,"112,221",475,16,3,"35,214"
North West,BD8,"115,992",,8,3,"31,707"
North West,BD9,"135,646",,11,3,"28,512"
North West,BD10,"172,846",658,34,3,"25,632"
North West,BD11,"205,760",,13,3,"10,971"
North West,BD12,"164,599",,18,3,"16,821"
North West,BD13,"166,563",,30,3,"24,810"
North West,BD14,"144,148",,8,3,"8,860"
North West,BD15,"169,626",,17,3,"15,713"
North West,BD16,"206,503",666,38,3,"25,301"
North West,BD17,"212,534",593,26,3,"17,992"
North West,BD18,"157,283",614,27,3,"27,201"
North West,BD19,"176,764",627,25,3,"22,056"
North West,BD20,"231,638",592,50,3,"35,738"
North West,BD21,"113,675",444,15,3,"26,635"
North West,BD22,"179,529",642,28,3,"29,891"
North West,BD23,"261,633",678,32,3,"29,494"
North West,BD24,"250,439",,8,3,"5,180"
North West,BL0,"238,483",799,21,3,"17,204"
North West,BL1,"169,000",616,61,2,"63,206"
North West,BL2,"171,666",632,35,3,"45,845"
North West,BL3,"149,777",630,40,3,"63,784"
North West,BL4,"149,615",637,20,3,"33,664"
North West,BL5,"202,950",668,33,3,"27,064"
North West,BL6,"202,253",718,41,3,"29,345"
North West,BL7,"251,690",,22,3,"15,289"
North West,BL8,"246,438",775,41,3,"36,171"
North West,BL9,"186,346",694,39,3,"47,942"
North West,CA1,"126,962",477,29,2,"24,515"
North West,CA2,"124,841",490,37,3,"39,646"
North West,CA3,"174,582",,14,3,"14,066"
North West,CA4,"276,091",,12,3,"9,189"
North West,CA5,"234,073",,6,3,"6,756"
North West,CA6,"219,133",,12,3,"8,842"
North West,CA7,"198,603",,21,3,"23,050"
North West,CA8,"228,296",,13,3,"10,213"
North West,CA9,"212,806",,2,3,"2,132"
North West,CA10,"305,045",,14,3,"13,927"
North West,CA11,"219,548",,30,3,"22,135"
North West,CA12,"390,313",,9,3,"8,045"
North West,CA13,"199,359",,15,3,"15,009"
North West,CA14,"114,465",,27,3,"35,830"
North West,CA15,"133,123",,12,3,"16,110"
North West,CA16,"249,301",,7,3,"6,155"
North West,CA17,"274,993",,7,3,"4,827"
North West,CA20,"206,375",,4,3,"3,311"
North West,CA22,"129,245",,11,3,"9,284"
North West,CA23,,,2,3,"1,492"
North West,CA24,,,3,3,"1,036"
North West,CA25,"94,576",,7,3,"6,091"
North West,CA26,"143,096",,4,3,"3,608"
North West,CA27,,,3,3,"1,660"
North West,CA28,"138,719",,32,3,"28,790"
North West,CH1,"213,036",728,27,2,"30,521"
North West,CH2,"257,135",788,40,3,"34,312"
North West,CH3,"320,392",838,44,3,"32,090"
North West,CH4,"252,583",826,35,3,"32,583"
North West,CH5,"186,561",708,30,3,"42,432"
North West,CH6,"165,917",,11,3,"16,686"
North West,CH7,"232,259",679,43,3,"50,253"
North West,CH8,"196,916",,13,3,"20,493"
North West,CH41,"102,155",560,11,2,"18,612"
North West,CH42,"128,640",543,27,3,"31,268"
North West,CH43,"190,141",566,44,3,"38,582"
North West,CH44,"131,279",536,24,3,"29,995"
North West,CH45,"184,833",594,28,3,"30,795"
North West,CH46,"188,550",,17,3,"25,225"
North West,CH47,"315,440",,15,3,"10,998"
North West,CH48,"344,630",,20,3,"15,271"
North West,CH49,"212,786",,29,3,"28,891"
North West,CH60,"425,430",,22,3,"13,256"
North West,CH61,"276,547",,19,3,"17,323"
North West,CH62,"186,645",,27,3,"28,646"
North West,CH63,"257,575",,33,3,"30,558"
North West,CH64,"342,524",,23,3,"19,025"
North West,CH65,"156,432",597,19,3,"26,409"
North West,CH66,"214,020",,31,3,"35,057"
North West,CW1,"160,577",606,35,3,"42,314"
North West,CW2,"196,536",688,48,3,"40,752"
North West,CW3,"356,489",,12,3,"9,159"
North West,CW4,"416,432",,15,3,"9,303"
North West,CW5,"273,257",741,45,3,"29,323"
North West,CW6,"472,493",,17,3,"12,274"
North West,CW7,"182,572",,27,3,"31,399"
North West,CW8,"226,884",728,45,3,"35,261"
North West,CW9,"233,732",602,38,3,"33,149"
North West,CW10,"212,231",,19,3,"14,790"
North West,CW11,"258,683",722,37,3,"22,313"
North West,CW12,"259,934",634,39,3,"29,314"
North West,FY1,"97,908",464,19,2,"33,506"
North West,FY2,"142,983",,26,3,"24,589"
North West,FY3,"133,842",566,29,3,"31,569"
North West,FY4,"132,937",496,43,3,"43,982"
North West,FY5,"166,654",562,51,3,"44,800"
North West,FY6,"228,547",672,37,3,"27,751"
North West,FY7,"124,726",477,21,3,"25,917"
North West,FY8,"217,366",607,63,3,"43,864"
North West,HD1,"126,013",568,12,2,"23,703"
North West,HD2,"170,156",558,20,3,"28,723"
North West,HD3,"183,591",603,38,3,"29,493"
North West,HD4,"143,943",560,28,3,"30,170"
North West,HD5,"168,904",617,27,3,"31,246"
North West,HD6,"186,637",,35,3,"27,293"
North West,HD7,"187,923",,30,3,"22,497"
North West,HD8,"277,362",,43,3,"34,313"
North West,HD9,"258,883",678,39,3,"35,311"
North West,HX1,"108,504",456,17,2,"24,248"
North West,HX2,"172,728",579,32,3,"35,808"
North West,HX3,"179,163",610,53,3,"45,444"
North West,HX4,"235,530",,18,3,"12,139"
North West,HX5,"153,618",,9,3,"10,037"
North West,HX6,"185,408",,26,3,"18,673"
North West,HX7,"234,492",,26,3,"13,441"
North West,L1,"129,616",698,5,2,"7,091"
North West,L2,"133,574",752,,1,935
North West,L3,"150,589",828,12,2,"17,396"
North West,L4,"104,854",523,18,3,"39,911"
North West,L5,"111,964",556,6,2,"12,865"
North West,L6,"104,453",578,13,2,"23,668"
North West,L7,"121,671",607,11,2,"17,934"
North West,L8,"132,767",585,11,2,"32,069"
North West,L9,"132,272",527,17,3,"32,585"
North West,L10,"174,227",,9,3,"14,965"
North West,L11,"119,050",,9,3,"25,335"
North West,L12,"208,528",,26,3,"31,074"
North West,L13,"123,290",588,14,3,"30,949"
North West,L14,"152,931",,17,3,"25,822"
North West,L15,"161,798",685,28,3,"30,017"
North West,L16,"275,929",,13,3,"15,039"
North West,L17,"219,443",711,27,3,"23,635"
North West,L18,"298,800","1,143",22,3,"27,112"
North West,L19,"211,753",594,29,3,"23,769"
North West,L20,"99,213",528,16,3,"31,370"
North West,L21,"137,378",,13,3,"25,278"
North West,L22,"195,276",,11,3,"13,815"
North West,L23,"253,828",,32,3,"30,236"
North West,L24,"136,060",,6,3,"15,951"
North West,L25,"255,079",,30,3,"33,214"
North West,L26,"186,644",,11,3,"15,156"
North West,L27,"121,139",,,3,"6,415"
North West,L28,"102,904",,4,3,"6,376"
North West,L30,"135,958",,11,3,"19,983"
North West,L31,"229,402",,29,3,"30,316"
North West,L32,"124,576",,10,3,"20,432"
North West,L33,"122,265",,6,3,"17,005"
North West,L34,"212,075",,11,2,"12,244"
North West,L35,"182,834",,22,3,"30,730"
North West,L36,"165,562",,26,3,"39,899"
North West,L37,"308,942","1,130",33,3,"23,502"
North West,L39,"278,819",841,32,3,"28,091"
North West,L40,"271,182",,18,3,"18,091"
North West,LA1,"166,653",689,48,3,"52,095"
North West,LA2,"268,226",,20,3,"21,980"
North West,LA3,"166,808",,28,3,"24,583"
North West,LA4,"163,858",597,22,3,"26,247"
North West,LA5,"254,419",,24,3,"16,353"
North West,LA6,"290,146",,13,3,"12,877"
North West,LA7,"221,280",,4,3,"5,107"
North West,LA8,"429,944",,13,3,"8,696"
North West,LA9,"242,117",,37,3,"30,635"
North West,LA10,"180,063",,7,3,"3,744"
North West,LA11,"272,379",,14,3,"9,827"
North West,LA12,"272,029",734,25,3,"20,017"
North West,LA13,"216,400",,28,3,"19,050"
North West,LA14,"118,418",566,43,2,"38,236"
North West,LA15,"155,155",,11,3,"7,913"
North West,LA16,"194,875",,3,3,"3,345"
North West,LA18,"118,459",,9,3,"8,947"
North West,LA20,"346,727",,3,3,"1,229"
North West,LA22,"447,222",,7,3,"5,022"
North West,LA23,"347,788",,17,3,"9,077"
North West,M1,"221,509","1,030",8,2,"12,339"
North West,M2,"259,444",,,,87
North West,M3,"214,523",942,12,2,"11,725"
North West,M4,"230,682",929,16,2,"10,601"
North West,M5,"207,282",932,14,2,"14,555"
North West,M6,"195,675",909,25,2,"31,394"
North West,M7,"201,201",940,16,3,"27,601"
North West,M8,"171,716",695,12,3,"30,934"
North West,M9,"160,935",697,27,3,"39,434"
North West,M11,"161,901",,10,2,"20,274"
North West,M12,"171,231",797,6,2,"15,739"
North West,M13,"224,712",841,4,3,"22,705"
North West,M14,"200,493",994,16,3,"53,002"
North West,M15,"231,221","1,017",7,2,"20,788"
North West,M16,"223,492",745,22,3,"35,559"
North West,M17,,,,,17
North West,M18,"164,233",709,12,2,"23,432"
North West,M19,"233,250",784,24,3,"34,838"
North West,M20,"319,312","1,015",61,3,"49,133"
North West,M21,"324,185",916,30,3,"29,233"
North West,M22,"195,507",819,19,3,"42,201"
North West,M23,"219,427",857,28,3,"30,914"
North West,M24,"180,116",767,46,3,"47,250"
North West,M25,"269,002",855,34,3,"31,252"
North West,M26,"171,695",613,29,3,"34,899"
North West,M27,"210,056",779,34,3,"41,624"
North West,M28,"253,909",889,58,3,"39,097"
North West,M29,"193,114",771,22,3,"22,790"
North West,M30,"198,152",746,27,2,"36,165"
North West,M31,"176,685",,3,3,"8,391"
North West,M32,"263,082",838,25,3,"28,434"
North West,M33,"339,297",870,86,3,"59,972"
North West,M34,"202,475",711,44,3,"46,113"
North West,M35,"193,354",,19,3,"20,671"
North West,M38,"133,429",652,5,2,"13,545"
North West,M40,"168,807",790,21,3,"40,894"
North West,M41,"306,148",867,46,3,"41,456"
North West,M43,"181,046",734,21,3,"23,037"
North West,M44,"212,559",,16,3,"19,710"
North West,M45,"235,549",886,19,3,"22,714"
North West,M46,"149,416",624,20,3,"22,298"
North West,M50,"208,256",874,6,2,"3,168"
North West,OL1,"162,386",515,12,2,"21,376"
North West,OL2,"193,270",,35,3,"42,193"
North West,OL3,"320,776",,21,3,"15,192"
North West,OL4,"171,510",,39,3,"44,247"
North West,OL5,"176,216",,17,3,"10,957"
North West,OL6,"163,551",669,20,2,"28,679"
North West,OL7,"171,988",,13,2,"16,831"
North West,OL8,"145,581",,20,3,"39,658"
North West,OL9,"185,826",673,27,3,"40,884"
North West,OL10,"170,362",,24,3,"27,624"
North West,OL11,"190,484",,26,3,"45,506"
North West,OL12,"164,012",598,38,3,"46,131"
North West,OL13,"149,778",,16,3,"15,293"
North West,OL14,"188,932",,18,3,"15,584"
North West,OL15,"199,309",,16,3,"14,635"
North West,OL16,"165,455",681,22,3,"37,236"
North West,PR1,"137,145",691,45,3,"72,065"
North West,PR2,"172,720",661,64,3,"77,773"
North West,PR3,"270,534",687,42,3,"37,540"
North West,PR4,"251,073",813,53,3,"57,772"
North West,PR5,"178,533",601,38,3,"40,861"
North West,PR6,"206,767",668,37,3,"34,630"
North West,PR7,"187,377",608,68,3,"55,672"
North West,PR8,"226,680",633,59,3,"53,869"
North West,PR9,"183,785",684,53,3,"42,830"
North West,PR25,"175,524",,35,3,"30,710"
North West,PR26,"259,339",,9,3,"15,387"
North West,SK1,"180,518",612,12,2,"11,230"
North West,SK2,"247,348",702,34,3,"29,451"
North West,SK3,"222,046",732,30,3,"27,923"
North West,SK4,"307,381",793,47,3,"34,510"
North West,SK5,"194,172",740,29,2,"29,538"
North West,SK6,"301,937",,62,3,"50,689"
North West,SK7,"374,701",983,62,3,"40,669"
North West,SK8,"330,370","1,039",79,3,"58,434"
North West,SK9,"443,912","1,272",60,3,"37,921"
North West,SK10,"337,498",788,46,3,"39,363"
North West,SK11,"234,090",721,45,3,"36,882"
North West,SK12,"358,735",,30,3,"19,049"
North West,SK13,"222,686",757,33,3,"33,104"
North West,SK14,"192,645",733,45,3,"46,177"
North West,SK15,"203,266",690,32,3,"27,625"
North West,SK16,"189,732",,19,3,"19,475"
North West,SK17,"238,755",679,31,3,"31,910"
North West,SK22,"245,556",,11,3,"12,221"
North West,SK23,"284,628",,23,3,"17,180"
North West,WA1,"194,853",671,23,2,"21,579"
North West,WA2,"157,795",611,33,3,"40,666"
North West,WA3,"228,775",589,53,3,"47,605"
North West,WA4,"292,540",786,61,3,"46,998"
North West,WA5,"223,113",684,59,3,"58,496"
North West,WA6,"326,386",,25,3,"18,959"
North West,WA7,"140,810",587,33,3,"62,766"
North West,WA8,"170,029",586,57,3,"61,861"
North West,WA9,"134,788",537,34,3,"48,789"
North West,WA10,"140,627",521,34,3,"38,450"
North West,WA11,"168,003",589,28,3,"40,577"
North West,WA12,"182,238",660,22,3,"22,167"
North West,WA13,"370,255",,17,3,"12,899"
North West,WA14,"385,105","1,121",37,3,"28,235"
North West,WA15,"474,510","1,411",65,3,"42,756"
North West,WA16,"465,049","1,004",40,3,"23,406"
North West,WN1,"153,994",502,17,2,"19,683"
North West,WN2,"153,534",565,39,3,"52,661"
North West,WN3,"162,115",,22,3,"30,129"
North West,WN4,"166,236",,23,3,"28,794"
North West,WN5,"156,438",576,38,3,"43,844"
North West,WN6,"185,229",602,39,3,"39,796"
North West,WN7,"140,984",550,45,3,"47,819"
North West,WN8,"164,489",691,33,3,"46,210"
South East,BN1,"401,522","1,426",117,2,"84,026"
South East,BN2,"385,864","1,795",105,2,"93,160"
South East,BN3,"382,644","1,344",119,2,"79,573"
South East,BN5,"525,059",,10,3,"7,123"
South East,BN6,"494,730",,24,3,"17,572"
South East,BN7,"492,664",,32,3,"21,099"
South East,BN8,"515,203",,20,3,"16,105"
South East,BN9,"297,943",,12,3,"13,419"
South East,BN10,"340,368",,24,3,"18,566"
South East,BN11,"268,993",887,56,2,"32,753"
South East,BN12,"397,299",,38,3,"20,412"
South East,BN13,"327,022","1,072",49,3,"27,563"
South East,BN14,"375,732",,47,3,"30,974"
South East,BN15,"326,574","1,000",36,2,"27,279"
South East,BN16,"396,689","1,120",55,3,"28,125"
South East,BN17,"280,487",874,41,3,"28,522"
South East,BN18,"433,979",,22,3,"13,232"
South East,BN20,"356,342","1,228",40,3,"21,311"
South East,BN21,"238,627",861,43,2,"24,788"
South East,BN22,"273,708",,36,3,"32,826"
South East,BN23,"282,000","1,173",37,3,"28,225"
South East,BN24,"329,230",,20,3,"9,155"
South East,BN25,"385,911","1,055",41,3,"23,654"
South East,BN26,"340,065",,22,3,"11,451"
South East,BN27,"325,050","1,110",52,3,"27,198"
South East,BN41,"348,584",,27,3,"20,832"
South East,BN42,"396,554",,15,3,"10,201"
South East,BN43,"408,116","1,411",34,3,"22,426"
South East,BN44,"436,140",,13,3,"10,150"
South East,CT1,"286,065","1,060",29,2,"29,688"
South East,CT2,"320,803","1,193",33,3,"31,022"
South East,CT3,"369,159",,22,3,"17,465"
South East,CT4,"491,165",,23,3,"16,591"
South East,CT5,"420,008","1,146",65,3,"32,988"
South East,CT6,"331,109",887,49,3,"38,586"
South East,CT7,"360,439",,22,3,"11,534"
South East,CT8,"284,260",,17,2,"7,368"
South East,CT9,"265,033",777,56,2,"43,148"
South East,CT10,"410,432",994,50,3,"24,885"
South East,CT11,"275,306","1,046",41,3,"29,228"
South East,CT12,"289,302",,23,3,"17,769"
South East,CT13,"389,704",,17,3,"8,671"
South East,CT14,"350,296",,59,3,"35,231"
South East,CT15,"386,677",,17,3,"13,205"
South East,CT16,"265,621",721,24,2,"19,778"
South East,CT17,"210,997",756,22,3,"21,761"
South East,CT18,"363,767",,22,3,"14,357"
South East,CT19,"259,724",,27,3,"28,440"
South East,CT20,"248,594",826,30,2,"22,295"
South East,CT21,"397,148",,31,3,"17,203"
South East,GU1,"419,812","1,412",35,2,"29,315"
South East,GU2,"449,396","1,720",32,3,"33,976"
South East,GU3,"566,536",,14,3,"11,466"
South East,GU4,"486,042","1,216",22,3,"15,943"
South East,GU5,"724,435",,13,3,"10,704"
South East,GU6,"558,652",,26,3,"14,491"
South East,GU7,"428,812","1,159",35,3,"22,738"
South East,GU8,"567,230","1,299",15,3,"17,652"
South East,GU9,"454,599","1,290",45,3,"29,784"
South East,GU10,"615,983","1,259",31,3,"22,580"
South East,GU11,"282,700",889,18,2,"23,881"
South East,GU12,"358,360","1,065",37,3,"30,323"
South East,GU14,"332,735",993,66,3,"55,169"
South East,GU15,"394,227","1,063",44,3,"34,990"
South East,GU16,"426,225","1,205",29,3,"23,556"
South East,GU17,"394,996",,16,3,"10,820"
South East,GU18,"520,875",,12,3,"6,891"
South East,GU19,"441,603",,8,3,"5,618"
South East,GU20,"643,805",,6,3,"4,329"
South East,GU21,"418,651","1,122",56,3,"50,240"
South East,GU22,"440,544","1,174",45,3,"33,073"
South East,GU23,"601,037",,8,3,"6,864"
South East,GU24,"601,231","1,612",25,3,"17,561"
South East,GU25,"882,896","2,436",8,3,"5,712"
South East,GU26,"450,161",,13,3,"7,333"
South East,GU27,"468,094",980,22,3,"17,809"
South East,GU28,"527,249",,6,3,"6,758"
South East,GU29,"448,427",,13,3,"9,087"
South East,GU30,"481,948",,12,3,"9,268"
South East,GU31,"522,757",,16,3,"11,026"
South East,GU32,"432,898",919,14,3,"12,114"
South East,GU33,"470,272",,14,3,"8,403"
South East,GU34,"414,187","1,050",46,3,"29,740"
South East,GU35,"362,680",,27,3,"22,542"
South East,GU46,"428,151",,15,3,"14,823"
South East,GU47,"401,249",,28,3,"18,860"
South East,GU51,"384,829",988,34,3,"23,352"
South East,GU52,"442,863","1,223",22,3,"16,040"
South East,ME1,"286,717",981,42,3,"31,106"
South East,ME2,"289,092","1,014",50,3,"39,245"
South East,ME3,"340,223",,29,3,"26,451"
South East,ME4,"244,575","1,015",28,2,"30,244"
South East,ME5,"290,346",932,62,3,"51,800"
South East,ME6,"284,423",,14,2,"10,235"
South East,ME7,"247,682",976,44,3,"51,293"
South East,ME8,"315,890","1,065",66,3,"49,253"
South East,ME9,"367,740",,27,3,"20,627"
South East,ME10,"263,549",874,52,3,"47,513"
South East,ME11,"252,000",,3,3,"3,396"
South East,ME12,"263,281",902,42,3,"36,893"
South East,ME13,"343,960",915,36,3,"27,694"
South East,ME14,"341,483",922,45,3,"31,403"
South East,ME15,"329,781",958,63,3,"47,472"
South East,ME16,"300,366",926,45,3,"29,996"
South East,ME17,"401,298",,35,3,"22,066"
South East,ME18,"497,937",,11,3,"6,968"
South East,ME19,"449,740","1,265",40,3,"21,682"
South East,ME20,"342,956",,28,3,"20,645"
South East,MK2,"241,734","1,026",11,3,"14,296"
South East,MK3,"295,000",970,29,3,"22,626"
South East,MK4,"355,063","1,188",23,3,"21,731"
South East,MK5,"409,697","1,130",12,3,"15,539"
South East,MK6,"246,274","1,019",8,3,"28,176"
South East,MK7,"320,073",945,15,3,"14,550"
South East,MK8,"331,759",991,16,2,"12,054"
South East,MK9,"230,585","1,101",5,1,"3,460"
South East,MK10,"326,164","1,197",21,2,"13,825"
South East,MK11,"321,227","1,020",10,2,"7,754"
South East,MK12,"283,171","1,033",15,3,"12,480"
South East,MK13,"271,592","1,032",16,3,"18,739"
South East,MK14,"302,142",971,17,3,"18,720"
South East,MK15,"324,999",,9,3,"7,140"
South East,MK16,"322,903",983,26,3,"18,622"
South East,MK17,"460,572","1,182",27,3,"17,251"
South East,MK18,"379,938",929,31,3,"30,581"
South East,MK19,"373,964",,14,3,"11,204"
South East,MK40,"263,809",746,42,3,"30,969"
South East,MK41,"314,879",951,50,3,"42,495"
South East,MK42,"264,860",868,52,3,"44,351"
South East,MK43,"377,567","1,202",54,3,"32,843"
South East,MK44,"460,672",,23,3,"15,456"
South East,MK45,"426,341",963,74,3,"43,274"
South East,MK46,"469,013",943,15,3,"9,102"
South East,OX1,"465,157","1,397",12,2,"25,547"
South East,OX2,"596,422","1,433",41,3,"39,363"
South East,OX3,"434,223","1,275",29,3,"43,429"
South East,OX4,"376,741","1,238",42,3,"62,004"
South East,OX5,"404,883","1,159",26,3,"23,256"
South East,OX7,"444,961","1,385",34,3,"22,861"
South East,OX9,"455,078","1,115",21,3,"14,025"
South East,OX10,"458,349","1,084",35,3,"26,443"
South East,OX11,"339,669","1,066",57,2,"33,218"
South East,OX12,"360,142","1,028",35,3,"25,199"
South East,OX13,"507,173",,14,3,"13,497"
South East,OX14,"339,007",994,57,3,"44,277"
South East,OX15,"419,341","1,090",31,3,"18,023"
South East,OX16,"245,815",818,52,3,"46,663"
South East,OX17,"449,670",,27,3,"17,197"
South East,OX18,"350,387",932,31,3,"25,211"
South East,OX20,"522,748","1,086",8,3,"4,813"
South East,OX25,"461,446","1,100",13,3,"10,083"
South East,OX26,"334,471","1,052",44,3,"33,128"
South East,OX27,"401,796","1,163",10,3,"6,847"
South East,OX28,"300,208",907,32,3,"27,576"
South East,OX29,"455,091","1,261",31,3,"23,056"
South East,OX33,"502,592",,9,3,"7,555"
South East,OX39,"448,352",,9,3,"6,860"
South East,OX44,"487,294",,9,3,"8,080"
South East,OX49,"475,268",,6,3,"4,243"
South East,PO1,"221,443","1,050",18,2,"29,124"
South East,PO2,"219,768",772,40,3,"41,643"
South East,PO3,"258,113",,22,3,"19,664"
South East,PO4,"250,038","1,163",51,3,"43,251"
South East,PO5,"215,405","1,102",26,2,"30,248"
South East,PO6,"301,776","1,195",41,3,"40,646"
South East,PO7,"322,496",995,61,3,"39,953"
South East,PO8,"368,502","1,180",46,3,"33,988"
South East,PO9,"300,172",884,47,3,"48,663"
South East,PO10,"411,569",,22,3,"18,268"
South East,PO11,"342,523","1,123",26,3,"17,376"
South East,PO12,"221,762",767,65,3,"47,660"
South East,PO13,"259,754",931,40,3,"34,786"
South East,PO14,"337,750",994,43,3,"32,371"
South East,PO15,"338,779",967,39,3,"22,473"
South East,PO16,"313,151",939,38,3,"32,612"
South East,PO17,"330,115",,7,3,"6,635"
South East,PO18,"515,273",,15,3,"13,225"
South East,PO19,"375,120","1,062",40,3,"30,184"
South East,PO20,"387,210","1,251",55,3,"32,437"
South East,PO21,"298,306",818,66,2,"39,509"
South East,PO22,"350,115",883,42,3,"28,866"
South East,PO30,"228,851",,41,3,"29,068"
South East,PO31,"274,411",,28,3,"14,535"
South East,PO32,"220,558",,11,3,"8,016"
South East,PO33,"220,433",733,56,3,"31,004"
South East,PO34,"423,995",,8,3,"2,004"
South East,PO35,"373,777",,8,3,"3,603"
South East,PO36,"251,127",,22,3,"16,640"
South East,PO37,"241,188",,11,3,"9,211"
South East,PO38,"321,940",,18,3,"12,747"
South East,PO39,"266,498",,6,3,"2,528"
South East,PO40,"311,908",,9,3,"5,480"
South East,PO41,"250,779",,4,3,"2,183"
South East,RG1,"275,725",945,32,2,"43,085"
South East,RG2,"338,346","1,080",31,3,"37,651"
South East,RG4,"486,374","1,102",47,3,"39,160"
South East,RG5,"395,949",,35,3,"25,444"
South East,RG6,"420,085","1,188",42,3,"36,115"
South East,RG7,"470,871","1,118",46,3,"31,465"
South East,RG8,"604,669","1,386",29,3,"18,695"
South East,RG9,"720,191","1,401",31,3,"23,030"
South East,RG10,"583,527","1,252",23,3,"18,166"
South East,RG12,"329,920","1,003",66,3,"52,202"
South East,RG14,"307,994",983,42,3,"37,581"
South East,RG17,"397,916",968,26,3,"15,143"
South East,RG18,"414,695",,20,3,"19,719"
South East,RG19,"327,341",846,25,3,"16,897"
South East,RG20,"523,618",,23,3,"19,231"
South East,RG21,"242,754",918,27,3,"26,625"
South East,RG22,"309,358",973,49,3,"41,925"
South East,RG23,"384,684",,17,3,"12,114"
South East,RG24,"311,492",933,47,2,"31,487"
South East,RG25,"509,338",,9,3,"8,494"
South East,RG26,"379,505",835,33,3,"22,373"
South East,RG27,"484,174","1,127",41,3,"20,679"
South East,RG28,"404,636",,8,3,"5,766"
South East,RG29,"562,888",,11,3,"7,197"
South East,RG30,"286,594",896,46,3,"43,410"
South East,RG31,"361,571","1,129",35,3,"27,996"
South East,RG40,"456,782","1,176",41,3,"26,549"
South East,RG41,"501,625","1,238",35,3,"28,220"
South East,RG42,"423,171","1,121",30,3,"25,784"
South East,RG45,"490,786","1,123",24,3,"14,205"
South East,RH1,"374,041","1,088",68,3,"46,464"
South East,RH2,"488,887","1,223",38,3,"26,096"
South East,RH3,"591,597",,5,3,"4,313"
South East,RH4,"388,401","1,130",22,2,"15,627"
South East,RH5,"529,592",,17,3,"16,469"
South East,RH6,"388,856","1,082",46,3,"29,454"
South East,RH7,"500,592",,12,3,"8,579"
South East,RH8,"516,912",,21,3,"15,274"
South East,RH9,"489,719",,8,3,"5,493"
South East,RH10,"333,899","1,024",78,3,"65,902"
South East,RH11,"291,161",971,43,3,"54,781"
South East,RH12,"371,426","1,136",83,3,"43,862"
South East,RH13,"422,614","1,044",54,3,"37,859"
South East,RH14,"504,529",,23,3,"14,175"
South East,RH15,"358,549","1,083",52,3,"31,253"
South East,RH16,"376,354",988,50,3,"33,912"
South East,RH17,"616,384",,27,3,"18,905"
South East,RH18,"542,344",,7,3,"4,558"
South East,RH19,"396,566","1,077",47,3,"33,563"
South East,RH20,"541,867",,48,3,"24,752"
South East,SL0,"524,420","1,202",11,3,"11,149"
South East,SL1,"316,658",992,46,2,"70,106"
South East,SL2,"388,573","1,173",33,3,"53,085"
South East,SL3,"381,920","1,095",33,3,"45,187"
South East,SL4,"503,855","1,367",52,3,"43,222"
South East,SL5,"611,473","1,899",36,3,"24,170"
South East,SL6,"485,756","1,161",87,3,"77,308"
South East,SL7,"608,057","1,626",23,3,"21,059"
South East,SL8,"524,084","1,347",7,3,"6,382"
South East,SL9,"747,029","1,575",28,4,"20,991"
South East,SO14,"204,563",878,17,2,"27,227"
South East,SO15,"222,357",777,40,2,"41,701"
South East,SO16,"254,740",954,50,3,"66,270"
South East,SO17,"222,492","1,096",10,3,"19,431"
South East,SO18,"258,570",845,28,2,"36,790"
South East,SO19,"246,340",861,49,2,"55,876"
South East,SO20,"701,412",,11,3,"8,117"
South East,SO21,"539,748","1,400",22,3,"19,760"
South East,SO22,"548,815","1,323",36,3,"28,546"
South East,SO23,"448,364","1,199",26,2,"22,073"
South East,SO24,"529,958",,15,3,"11,416"
South East,SO30,"326,021",890,41,3,"32,351"
South East,SO31,"361,646",993,67,3,"44,713"
South East,SO32,"515,373",,28,3,"19,871"
South East,SO40,"334,653",851,52,3,"41,930"
South East,SO41,"488,319","1,280",57,3,"31,318"
South East,SO42,"756,438",,5,3,"4,977"
South East,SO43,"606,961",,6,3,"4,382"
South East,SO45,"315,342",991,45,3,"34,996"
South East,SO50,"303,242",849,66,3,"46,318"
South East,SO51,"437,281","1,105",34,3,"26,985"
South East,SO52,"338,194",,10,3,"6,968"
South East,SO53,"372,541",954,39,3,"32,409"
South East,TN1,"339,298","1,120",17,2,"11,929"
South East,TN2,"441,785","1,043",45,3,"28,065"
South East,TN3,"619,112",,20,3,"11,832"
South East,TN4,"390,794","1,114",43,3,"31,173"
South East,TN5,"533,725",,14,3,"8,743"
South East,TN6,"438,920","1,068",44,3,"24,879"
South East,TN7,,,4,3,"2,275"
South East,TN8,"439,541",,15,3,"13,128"
South East,TN9,"331,481","1,073",28,2,"17,556"
South East,TN10,"496,566",,19,3,"16,623"
South East,TN11,"551,065",,13,3,"13,928"
South East,TN12,"439,952",,37,3,"29,455"
South East,TN13,"549,545","1,526",35,3,"24,932"
South East,TN14,"584,273","1,351",16,3,"15,075"
South East,TN15,"545,080",,35,3,"24,472"
South East,TN16,"483,267",,29,3,"19,095"
South East,TN17,"496,163",,16,3,"14,414"
South East,TN18,"418,859",,10,3,"6,617"
South East,TN19,"442,360",,7,3,"5,028"
South East,TN20,"648,498",,7,3,"3,451"
South East,TN21,"395,313",,32,3,"16,161"
South East,TN22,"452,933","1,062",41,3,"26,315"
South East,TN23,"266,762",994,60,2,"39,702"
South East,TN24,"305,705",883,41,3,"31,534"
South East,TN25,"434,533",,22,3,"15,709"
South East,TN26,"494,182",,13,3,"11,194"
South East,TN27,"541,220",,11,3,"12,496"
South East,TN28,"372,265",,16,3,"8,645"
South East,TN29,"320,337",,19,3,"13,401"
South East,TN30,"412,178",,13,3,"9,373"
South East,TN31,"450,432",,24,3,"13,656"
South East,TN32,"492,813",,7,3,"5,169"
South East,TN33,"457,499",,19,3,"12,522"
South East,TN34,"295,512",994,52,2,"29,923"
South East,TN35,"308,845",,30,3,"17,270"
South East,TN36,"383,854",,4,3,"2,330"
South East,TN37,"252,323",,32,3,"20,670"
South East,TN38,"290,493",869,40,2,"28,703"
South East,TN39,"345,190",,50,3,"25,808"
South East,TN40,"256,205",,38,2,"17,370"
South West,BA1,"445,278","1,279",58,2,"40,588"
South West,BA2,"385,655","1,264",80,3,"73,554"
South West,BA3,"298,032",,37,3,"34,594"
South West,BA4,"273,604",,21,3,"17,612"
South West,BA5,"338,147",,28,3,"17,731"
South West,BA6,"307,654",,14,3,"12,839"
South West,BA7,"329,127",,8,3,"3,640"
South West,BA8,"292,948",,6,3,"4,165"
South West,BA9,"277,583",,10,3,"7,197"
South West,BA10,"471,546",,8,3,"3,843"
South West,BA11,"344,763",924,36,3,"32,599"
South West,BA12,"299,562",776,42,3,"28,537"
South West,BA13,"274,794",,29,3,"20,302"
South West,BA14,"275,685",809,62,3,"48,041"
South West,BA15,"409,920",,25,3,"12,995"
South West,BA16,"253,062",,17,3,"13,011"
South West,BA20,"216,533",715,10,3,"11,221"
South West,BA21,"205,351",745,33,3,"33,314"
South West,BA22,"321,497",,22,3,"17,975"
South West,BH1,"219,347",913,24,2,"19,989"
South West,BH2,"224,119",839,14,2,"8,416"
South West,BH3,"356,393",,9,3,"5,635"
South West,BH4,"290,004","1,035",22,2,"9,509"
South West,BH5,"237,004",893,13,2,"10,816"
South West,BH6,"378,625",967,36,3,"22,698"
South West,BH7,"376,153",,14,3,"11,495"
South West,BH8,"264,979",935,40,3,"28,259"
South West,BH9,"317,038","1,194",42,3,"30,964"
South West,BH10,"337,567",,25,3,"20,064"
South West,BH11,"312,576",,23,2,"19,783"
South West,BH12,"306,377","1,039",44,2,"34,926"
South West,BH13,"592,162",,26,3,"8,246"
South West,BH14,"405,958","1,071",52,3,"23,773"
South West,BH15,"298,894","1,070",44,2,"33,212"
South West,BH16,"334,680",,20,3,"15,430"
South West,BH17,"301,769",,27,3,"22,518"
South West,BH18,"472,565",,22,3,"11,861"
South West,BH19,"347,341",,22,3,"11,316"
South West,BH20,"379,281",,22,3,"20,134"
South West,BH21,"452,450","1,329",58,3,"40,646"
South West,BH22,"415,175",,51,3,"26,782"
South West,BH23,"389,118","1,184",97,3,"52,808"
South West,BH24,"462,696","1,163",40,3,"23,496"
South West,BH25,"427,638",,51,3,"25,809"
South West,BH31,"402,764",,21,3,"13,310"
South West,BS1,"316,264","1,326",11,2,"11,541"
South West,BS2,"288,733","1,098",11,2,"15,730"
South West,BS3,"343,407","1,112",67,2,"36,446"
South West,BS4,"292,052","1,106",51,3,"47,993"
South West,BS5,"291,732","1,036",68,2,"52,459"
South West,BS6,"437,316","1,273",43,3,"33,615"
South West,BS7,"373,958","1,389",45,3,"40,495"
South West,BS8,"446,901","1,318",33,3,"26,327"
South West,BS9,"483,032","1,380",33,3,"31,160"
South West,BS10,"286,289",983,21,3,"27,846"
South West,BS11,"265,877",,16,2,"17,395"
South West,BS13,"265,676",,23,3,"29,574"
South West,BS14,"288,467",,26,3,"28,656"
South West,BS15,"275,682",822,55,3,"47,398"
South West,BS16,"317,567","1,142",102,3,"75,700"
South West,BS20,"364,407","1,128",46,3,"30,042"
South West,BS21,"326,626",,39,3,"23,270"
South West,BS22,"265,712",,51,3,"37,701"
South West,BS23,"202,327",672,41,2,"34,066"
South West,BS24,"257,402",,31,3,"19,035"
South West,BS25,"440,874",,15,3,"6,388"
South West,BS26,"446,704",,6,3,"4,933"
South West,BS27,"278,584",,12,3,"6,996"
South West,BS28,"567,650",,5,4,"3,339"
South West,BS29,"305,913",,4,3,"2,588"
South West,BS30,"333,595",,33,3,"30,091"
South West,BS31,"367,651",,30,3,"19,954"
South West,BS32,"319,491","1,044",29,3,"24,543"
South West,BS34,"303,946","1,256",38,3,"29,904"
South West,BS35,"356,377",978,19,3,"21,916"
South West,BS36,"395,793",,22,3,"15,654"
South West,BS37,"288,741",974,45,3,"38,080"
South West,BS39,"351,986",,16,3,"15,391"
South West,BS40,"456,601",,18,3,"12,549"
South West,BS41,"524,295",,10,3,"6,120"
South West,BS48,"411,738",,25,3,"23,191"
South West,BS49,"369,280",,16,3,"11,776"
South West,DT1,"313,105",959,30,3,"18,931"
South West,DT2,"380,971",,31,3,"24,674"
South West,DT3,"304,878",,31,3,"23,387"
South West,DT4,"226,263",717,54,3,"36,871"
South West,DT5,"220,009",,19,3,"12,817"
South West,DT6,"346,990",,37,3,"21,663"
South West,DT7,"407,279",,9,3,"5,462"
South West,DT8,"336,999",,11,3,"5,893"
South West,DT9,"346,331",864,33,3,"20,760"
South West,DT10,"319,405",,19,3,"11,901"
South West,DT11,"334,265",,32,3,"30,122"
South West,EX1,"301,731",926,27,2,"21,285"
South West,EX2,"305,286",959,52,3,"40,654"
South West,EX3,"561,522",,8,3,"4,722"
South West,EX4,"256,388",974,50,3,"55,144"
South West,EX5,"317,467","1,100",34,3,"18,788"
South West,EX6,"358,898",,17,3,"13,740"
South West,EX7,"264,976",,18,3,"12,502"
South West,EX8,"281,559",,54,3,"37,406"
South West,EX9,"419,686",,12,3,"6,834"
South West,EX10,"393,170",,38,3,"16,775"
South West,EX11,"349,831",,11,3,"7,999"
South West,EX12,"320,473",,19,3,"9,306"
South West,EX13,"304,686",,15,3,"11,722"
South West,EX14,"287,870",,26,3,"20,810"
South West,EX15,"278,178",,21,3,"21,043"
South West,EX16,"298,576",854,42,3,"32,229"
South West,EX17,"320,789",,25,3,"19,488"
South West,EX18,"355,355",,4,3,"2,958"
South West,EX19,"318,688",,6,3,"3,609"
South West,EX20,"278,389",,21,3,"20,125"
South West,EX21,"357,495",,4,3,"4,405"
South West,EX22,"314,513",,17,3,"10,653"
South West,EX23,"329,114",,25,3,"15,617"
South West,EX24,"333,467",,7,3,"3,727"
South West,EX31,"341,145",,40,3,"25,086"
South West,EX32,"266,031",,31,3,"23,896"
South West,EX33,"481,821",,15,3,"10,259"
South West,EX34,"299,420",,27,3,"17,307"
South West,EX35,"330,682",,4,3,"1,674"
South West,EX36,"303,472",,11,3,"8,540"
South West,EX37,"318,262",,4,3,"3,562"
South West,EX38,"258,250",,13,3,"8,260"
South West,EX39,"277,141",686,70,3,"37,175"
South West,GL1,"180,877",681,31,2,"34,172"
South West,GL2,"286,983",844,68,3,"52,117"
South West,GL3,"280,111",,38,3,"30,277"
South West,GL4,"240,754",851,45,3,"47,341"
South West,GL5,"278,699",,39,3,"31,004"
South West,GL6,"449,723",,41,3,"24,490"
South West,GL7,"396,159","1,036",66,3,"42,560"
South West,GL8,"407,296",,18,3,"8,525"
South West,GL9,,,,3,"2,587"
South West,GL10,"320,181",,21,3,"13,780"
South West,GL11,"312,507",,22,3,"18,185"
South West,GL12,"401,953",,20,3,"15,247"
South West,GL13,"334,565",,6,3,"5,699"
South West,GL14,"243,614",,21,3,"15,232"
South West,GL15,"290,946",730,25,3,"20,759"
South West,GL16,"294,201",,17,3,"13,281"
South West,GL17,"292,680",,13,3,"11,547"
South West,GL18,"341,823",,12,3,"7,746"
South West,GL19,"482,311",,10,3,"9,213"
South West,GL20,"281,938",,33,3,"28,353"
South West,GL50,"290,166",927,40,2,"22,650"
South West,GL51,"274,892",945,66,3,"51,439"
South West,GL52,"317,331",869,66,3,"42,943"
South West,GL53,"486,404","1,188",33,3,"19,966"
South West,GL54,"473,860","1,019",35,3,"22,202"
South West,GL55,"517,951",,11,3,"5,175"
South West,GL56,"382,633",,15,3,"8,564"
South West,PL1,"180,998",682,24,2,"22,523"
South West,PL2,"175,030",728,23,3,"30,500"
South West,PL3,"221,356",798,42,3,"30,861"
South West,PL4,"171,943",597,28,3,"36,375"
South West,PL5,"166,054",,33,2,"42,921"
South West,PL6,"223,291",788,41,3,"40,941"
South West,PL7,"240,774",,37,3,"31,462"
South West,PL8,"478,036",,10,3,"5,587"
South West,PL9,"294,090",,37,3,"27,946"
South West,PL10,"366,958",,6,3,"3,453"
South West,PL11,"233,654",,10,3,"10,495"
South West,PL12,"243,052",794,21,3,"21,882"
South West,PL13,"283,152",,15,3,"9,400"
South West,PL14,"232,002",,25,3,"22,849"
South West,PL15,"253,260",,27,3,"20,080"
South West,PL16,"310,258",,2,3,"1,889"
South West,PL17,"263,162",,16,3,"10,071"
South West,PL18,"276,558",,7,3,"4,896"
South West,PL19,"281,417",,24,3,"16,443"
South West,PL20,"308,156",,12,3,"12,081"
South West,PL21,"293,251",,21,3,"17,741"
South West,PL22,"302,607",,5,3,"3,641"
South West,PL23,"480,881",,7,3,"3,410"
South West,PL24,"237,993",,13,3,"10,444"
South West,PL25,"276,404",,32,2,"25,532"
South West,PL26,"267,821",,34,3,"26,581"
South West,PL27,"465,758",,16,3,"12,081"
South West,PL28,"551,521",,11,3,"4,494"
South West,PL29,"584,167",,2,3,"1,060"
South West,PL30,"357,141",,14,3,"10,302"
South West,PL31,"202,182",,15,3,"14,575"
South West,PL32,"257,069",,9,3,"4,148"
South West,PL33,,,,3,"1,911"
South West,PL34,"410,408",,2,3,"1,755"
South West,PL35,,,3,3,939
South West,SN1,"200,271",745,32,2,"29,453"
South West,SN2,"204,883",776,41,2,"41,193"
South West,SN3,"253,463",847,55,3,"51,560"
South West,SN4,"303,372",909,33,3,"27,358"
South West,SN5,"275,970",870,36,3,"32,955"
South West,SN6,"341,690",918,24,3,"21,204"
South West,SN7,"348,419","1,077",17,3,"13,408"
South West,SN8,"431,446","1,087",35,3,"23,973"
South West,SN9,"389,342",,14,3,"8,070"
South West,SN10,"319,447",812,35,3,"31,489"
South West,SN11,"294,133",811,34,3,"22,500"
South West,SN12,"283,660",,34,3,"25,105"
South West,SN13,"350,771",,17,3,"16,487"
South West,SN14,"342,457",966,32,3,"28,067"
South West,SN15,"300,374",830,45,3,"35,122"
South West,SN16,"429,982",996,22,3,"13,717"
South West,SN25,"253,663",802,56,3,"35,153"
South West,SN26,"419,350",,3,3,"1,761"
South West,SP1,"297,473",841,24,3,"21,620"
South West,SP2,"285,094",810,29,3,"28,823"
South West,SP3,"445,572",,14,3,"11,309"
South West,SP4,"323,650",973,33,3,"31,245"
South West,SP5,"473,440",,31,3,"22,225"
South West,SP6,"400,952",,22,3,"14,097"
South West,SP7,"334,201",,18,3,"13,749"
South West,SP8,"271,502",,23,3,"14,509"
South West,SP9,"243,021",,3,3,"10,664"
South West,SP10,"264,837",847,41,3,"40,475"
South West,SP11,"340,316",992,45,3,"23,377"
South West,TA1,"228,847",716,52,3,"39,265"
South West,TA2,"252,281",861,32,3,"26,639"
South West,TA3,"419,192",,14,3,"14,212"
South West,TA4,"350,337",,27,3,"19,149"
South West,TA5,"319,763",,19,3,"10,266"
South West,TA6,"207,799",759,58,3,"46,070"
South West,TA7,"349,109",,19,3,"15,166"
South West,TA8,"251,751",,29,3,"16,782"
South West,TA9,"261,451",,14,3,"12,576"
South West,TA10,"352,988",,14,3,"9,332"
South West,TA11,"369,021",,15,3,"9,093"
South West,TA12,"279,872",,11,3,"6,280"
South West,TA13,"383,802",,7,3,"3,961"
South West,TA14,"282,143",,5,3,"3,079"
South West,TA16,,,4,3,"1,893"
South West,TA18,"244,987",,14,3,"10,132"
South West,TA19,"291,678",,21,3,"11,691"
South West,TA20,"265,532",,27,3,"20,230"
South West,TA21,"278,090",,28,3,"18,318"
South West,TA22,"368,609",,7,3,"2,660"
South West,TA23,"266,678",,5,3,"5,498"
South West,TA24,"290,306",,28,3,"18,659"
South West,TQ1,"222,461",708,48,2,"31,231"
South West,TQ2,"248,467",787,42,3,"34,088"
South West,TQ3,"256,306",,45,3,"30,767"
South West,TQ4,"239,808",,28,3,"18,507"
South West,TQ5,"293,481",,30,3,"19,058"
South West,TQ6,"444,374",,15,3,"8,257"
South West,TQ7,"431,149",,32,3,"16,304"
South West,TQ8,"1,090,909",,6,3,"2,046"
South West,TQ9,"384,999",,28,3,"17,436"
South West,TQ10,"302,497",,7,3,"3,777"
South West,TQ11,"248,031",,7,3,"4,255"
South West,TQ12,"281,817",837,81,3,"53,123"
South West,TQ13,"320,720",,29,3,"22,789"
South West,TQ14,"299,512",,34,3,"19,361"
South West,TR1,"272,570",,30,2,"20,510"
South West,TR2,"409,521",,17,3,"9,594"
South West,TR3,"422,027",,22,3,"12,212"
South West,TR4,"319,025",,11,3,"11,134"
South West,TR5,"516,790",,5,3,"3,803"
South West,TR6,"440,211",,5,3,"3,507"
South West,TR7,"353,378",,30,3,"19,907"
South West,TR8,"299,312",,13,3,"8,221"
South West,TR9,"250,346",,10,3,"8,402"
South West,TR10,"261,439",,13,3,"11,134"
South West,TR11,"352,322","1,171",42,3,"28,734"
South West,TR12,"439,995",,18,3,"9,482"
South West,TR13,"292,059",,24,3,"19,807"
South West,TR14,"203,982",,26,3,"24,578"
South West,TR15,"219,299",,20,3,"19,538"
South West,TR16,"307,335",,14,3,"15,030"
South West,TR17,"382,500",,4,3,"1,557"
South West,TR18,"262,211",,18,2,"19,628"
South West,TR19,"346,810",,13,3,"8,969"
South West,TR20,"338,870",,12,3,"9,523"
South West,TR26,"460,429",,25,3,"11,680"
South West,TR27,"289,959",,23,3,"14,776"
Wales,CF3,"229,407",,24,3,"41,998"
Wales,CF5,"250,926",808,44,3,"66,000"
Wales,CF10,"182,511",890,9,2,"15,450"
Wales,CF11,"222,449",864,24,2,"36,147"
Wales,CF14,"317,226",921,75,3,"77,763"
Wales,CF15,"314,386",,18,3,"17,987"
Wales,CF23,"281,230",938,33,3,"46,983"
Wales,CF24,"205,261",775,38,3,"55,151"
Wales,CF31,"208,873",,39,3,"44,787"
Wales,CF32,"154,060",,29,3,"29,897"
Wales,CF33,"168,802",,12,3,"14,645"
Wales,CF34,"113,394",,13,3,"20,614"
Wales,CF35,"236,949",,27,3,"16,356"
Wales,CF36,"298,687",,14,3,"15,843"
Wales,CF37,"135,291",913,26,3,"38,309"
Wales,CF38,"205,522",,23,3,"23,088"
Wales,CF39,"134,588",,24,3,"28,840"
Wales,CF40,"108,878",,16,3,"20,540"
Wales,CF41,"107,300",,7,3,"10,724"
Wales,CF42,"110,055",,10,3,"13,423"
Wales,CF43,"87,104",,8,3,"11,884"
Wales,CF44,"132,386",,38,3,"39,183"
Wales,CF45,"111,735",,16,3,"19,548"
Wales,CF46,"159,906",,13,3,"14,291"
Wales,CF47,"128,210",,11,3,"21,952"
Wales,CF48,"124,899",617,18,3,"26,998"
Wales,CF61,"309,296",,13,3,"9,771"
Wales,CF62,"234,568",843,39,3,"41,719"
Wales,CF63,"177,157",730,20,3,"21,733"
Wales,CF64,"324,339",866,36,3,"36,347"
Wales,CF71,"510,020",,8,3,"8,906"
Wales,CF72,"256,076",785,30,3,"26,110"
Wales,CF81,"128,277",,9,3,"16,329"
Wales,CF82,"177,154",,19,3,"20,162"
Wales,CF83,"195,800",725,39,3,"55,303"
Wales,LD1,"198,121",,10,3,"11,158"
Wales,LD2,"218,780",,3,3,"5,645"
Wales,LD3,"277,085",,14,3,"19,499"
Wales,LD5,,,2,3,"1,103"
Wales,LD6,"232,571",,4,3,"2,857"
Wales,LD7,"200,598",,6,3,"4,738"
Wales,LD8,"249,468",,7,3,"4,404"
Wales,LL11,"186,752",595,26,3,"38,028"
Wales,LL12,"282,690",,24,3,"28,275"
Wales,LL13,"188,786",555,23,3,"34,888"
Wales,LL14,"175,013",,21,3,"33,602"
Wales,LL15,"326,292",,14,3,"10,315"
Wales,LL16,"213,783",,16,3,"15,840"
Wales,LL17,"267,430",,8,3,"5,410"
Wales,LL18,"163,041",,38,3,"40,464"
Wales,LL19,"169,556",,31,3,"19,919"
Wales,LL20,"254,614",,7,3,"8,127"
Wales,LL21,"242,024",,5,3,"6,442"
Wales,LL22,"213,458",,19,3,"17,890"
Wales,LL23,"180,036",,4,3,"4,136"
Wales,LL24,,,2,3,"2,052"
Wales,LL26,"212,443",,2,3,"4,450"
Wales,LL28,"236,163",,16,3,"14,145"
Wales,LL29,"191,347",,14,3,"20,433"
Wales,LL30,"216,160",,23,3,"22,008"
Wales,LL31,"259,322",,11,3,"9,344"
Wales,LL32,"250,704",,4,3,"6,502"
Wales,LL33,"212,291",,4,3,"3,906"
Wales,LL34,"177,611",,7,3,"4,347"
Wales,LL35,"331,330",,4,3,865
Wales,LL36,"196,367",,5,3,"4,660"
Wales,LL38,,,2,3,724
Wales,LL40,"214,030",,5,3,"4,210"
Wales,LL41,"120,350",,6,3,"6,471"
Wales,LL42,"258,603",,3,3,"2,545"
Wales,LL44,,,2,3,"1,028"
Wales,LL46,"302,957",,3,3,"1,856"
Wales,LL48,"175,417",,3,3,"2,603"
Wales,LL49,"191,623",,8,3,"4,502"
Wales,LL52,"313,700",,3,3,"2,770"
Wales,LL53,"333,537",,15,3,"17,138"
Wales,LL54,"185,342",,9,3,"11,375"
Wales,LL55,"191,609",,18,3,"21,444"
Wales,LL56,"190,765",,3,3,"2,299"
Wales,LL57,"164,847",702,15,3,"27,579"
Wales,LL58,"233,489",,7,3,"3,883"
Wales,LL59,"324,332",,6,3,"5,611"
Wales,LL60,"247,650",,5,3,"2,817"
Wales,LL61,"263,038",,7,3,"6,335"
Wales,LL65,"206,136",,23,3,"23,558"
Wales,LL67,,,3,3,"1,416"
Wales,LL68,"235,371",,8,3,"6,115"
Wales,LL74,"289,987",,4,3,"2,389"
Wales,LL75,,,4,3,"1,533"
Wales,LL77,"274,550",,4,3,"7,085"
Wales,NP4,"168,389",,36,3,"44,921"
Wales,NP7,"307,546",916,20,3,"26,026"
Wales,NP8,"417,990",,2,3,"5,344"
Wales,NP10,"259,137",793,25,3,"23,413"
Wales,NP11,"147,719",,32,3,"37,446"
Wales,NP12,"182,191",,25,3,"33,798"
Wales,NP13,"106,581",,16,3,"20,064"
Wales,NP15,"435,695",,9,3,"8,274"
Wales,NP16,"338,647",852,28,3,"23,801"
Wales,NP18,"309,111",,15,3,"16,690"
Wales,NP19,"178,527",706,41,3,"51,569"
Wales,NP20,"189,376",617,41,3,"50,602"
Wales,NP22,"124,946",,14,3,"22,058"
Wales,NP23,"126,554",,21,3,"33,356"
Wales,NP24,"96,791",,3,3,"4,962"
Wales,NP25,"320,604",,20,3,"15,399"
Wales,NP26,"313,470",,24,3,"22,566"
Wales,NP44,"201,614",666,30,3,"47,345"
Wales,SA1,"138,986",835,30,2,"47,397"
Wales,SA2,"261,299",958,33,3,"38,542"
Wales,SA3,"431,730",,30,3,"26,222"
Wales,SA4,"202,621",,41,3,"44,286"
Wales,SA5,"140,696",,18,3,"36,386"
Wales,SA6,"157,359",,21,3,"34,014"
Wales,SA7,"171,731",,9,3,"15,013"
Wales,SA8,"186,450",,10,3,"12,483"
Wales,SA9,"167,802",,13,3,"15,065"
Wales,SA10,"181,360",,23,3,"30,071"
Wales,SA11,"129,651",,30,3,"36,580"
Wales,SA12,"143,537",,28,3,"32,649"
Wales,SA13,"126,951",,16,3,"19,517"
Wales,SA14,"191,409",,33,3,"33,716"
Wales,SA15,"144,869",,30,3,"36,971"
Wales,SA16,"184,494",,6,3,"8,620"
Wales,SA17,"210,230",,10,3,"8,976"
Wales,SA18,"194,114",,32,3,"29,740"
Wales,SA19,"318,831",,6,3,"9,656"
Wales,SA20,"265,570",,4,3,"3,515"
Wales,SA31,"180,981",,16,3,"17,254"
Wales,SA32,"405,814",,4,3,"7,540"
Wales,SA33,"294,238",,11,3,"12,605"
Wales,SA34,"324,766",,2,3,"5,019"
Wales,SA37,"304,320",,2,3,"1,399"
Wales,SA38,"261,636",,3,3,"4,511"
Wales,SA39,"210,793",,2,3,"2,610"
Wales,SA40,"210,281",,3,3,"3,098"
Wales,SA41,"303,190",,2,3,"1,943"
Wales,SA42,"391,429",,3,3,"2,248"
Wales,SA43,"282,595",,11,3,"12,896"
Wales,SA44,"274,533",,12,3,"11,416"
Wales,SA45,"306,071",,3,3,"1,642"
Wales,SA46,"273,757",,3,3,"2,664"
Wales,SA47,,,,3,"1,136"
Wales,SA48,"262,316",,10,3,"9,225"
Wales,SA61,"160,855",,11,3,"14,485"
Wales,SA62,"312,649",,18,3,"20,896"
Wales,SA64,"238,940",,4,3,"2,379"
Wales,SA65,"234,172",,6,3,"4,401"
Wales,SA66,"283,431",,3,3,"3,200"
Wales,SA67,"251,121",,7,3,"6,934"
Wales,SA68,"267,646",,4,3,"4,179"
Wales,SA69,"287,709",,4,3,"3,707"
Wales,SA70,"316,817",,9,3,"9,523"
Wales,SA71,"207,291",,10,3,"10,342"
Wales,SA72,"155,565",,9,3,"10,509"
Wales,SA73,"169,897",,26,3,"20,364"
Wales,SY1,"210,785",691,28,2,"26,136"
Wales,SY2,"281,646",738,22,3,"17,501"
Wales,SY3,"283,544",707,52,3,"33,543"
Wales,SY4,"315,171",,28,3,"24,791"
Wales,SY5,"341,533",,23,3,"20,692"
Wales,SY6,"318,189",,9,3,"6,990"
Wales,SY7,"361,954",,10,3,"11,160"
Wales,SY8,"290,267",,22,3,"18,854"
Wales,SY9,"304,700",,3,3,"2,819"
Wales,SY10,"317,518",,21,3,"15,318"
Wales,SY11,"211,969",605,32,3,"26,641"
Wales,SY12,"219,997",,11,3,"7,997"
Wales,SY13,"285,290",,27,3,"19,119"
Wales,SY14,"421,276",,13,3,"5,833"
Wales,SY15,"301,690",,4,3,"5,407"
Wales,SY16,"210,170",,12,3,"16,021"
Wales,SY17,"226,269",,4,3,"3,747"
Wales,SY18,"214,166",,5,3,"4,648"
Wales,SY20,"211,383",,8,3,"6,913"
Wales,SY21,"277,675",,12,3,"17,136"
Wales,SY22,"267,309",,11,3,"8,854"
Wales,SY23,"227,621",627,19,3,"30,876"
Wales,SY24,"268,993",,5,3,"4,706"
Wales,SY25,"256,391",,3,3,"4,400"
West Midlands,B1,"205,036",875,7,2,"8,512"
West Midlands,B2,"169,170",,,0,653
West Midlands,B3,"215,858",855,4,1,"2,226"
West Midlands,B4,"262,284",873,,2,"4,332"
West Midlands,B5,"216,146",862,5,2,"12,003"
West Midlands,B6,"152,383",,4,3,"18,812"
West Midlands,B7,,,2,2,"8,548"
West Midlands,B8,"184,071",,11,3,"42,231"
West Midlands,B9,"166,025",701,8,2,"24,915"
West Midlands,B10,"190,943",,6,3,"26,004"
West Midlands,B11,"177,867",653,13,3,"44,391"
West Midlands,B12,"204,815",782,4,3,"20,547"
West Midlands,B13,"240,150",800,30,3,"37,667"
West Midlands,B14,"240,405",853,43,3,"42,930"
West Midlands,B15,"234,247",953,11,3,"17,553"
West Midlands,B16,"198,986",802,16,2,"23,618"
West Midlands,B17,"344,061",970,32,3,"25,625"
West Midlands,B18,"215,114",848,5,2,"16,337"
West Midlands,B19,"159,572",869,4,2,"20,152"
West Midlands,B20,"242,693",688,14,3,"34,752"
West Midlands,B21,"182,142",,9,3,"29,626"
West Midlands,B23,"183,547",605,36,2,"42,858"
West Midlands,B24,"205,615",654,18,3,"28,259"
West Midlands,B25,"193,969",733,10,3,"15,860"
West Midlands,B26,"215,159",764,23,3,"32,456"
West Midlands,B27,"216,241",683,19,3,"25,331"
West Midlands,B28,"279,224",931,31,3,"30,345"
West Midlands,B29,"230,005","1,063",23,3,"42,519"
West Midlands,B30,"248,695",738,31,3,"29,537"
West Midlands,B31,"203,087",780,42,3,"53,794"
West Midlands,B32,"205,413",814,24,3,"38,356"
West Midlands,B33,"189,052",754,21,3,"34,483"
West Midlands,B34,"197,358",,15,3,"18,941"
West Midlands,B35,"151,664",,3,3,"9,931"
West Midlands,B36,"238,343",,27,3,"34,865"
West Midlands,B37,"183,810",769,20,3,"35,871"
West Midlands,B38,"202,185",,13,3,"20,223"
West Midlands,B42,"193,844",784,20,3,"23,647"
West Midlands,B43,"232,131",782,30,3,"28,796"
West Midlands,B44,"181,279",764,25,3,"37,447"
West Midlands,B45,"221,855",786,23,3,"30,271"
West Midlands,B46,"285,595",,15,3,"12,153"
West Midlands,B47,"363,766",,14,3,"9,560"
West Midlands,B48,"394,038",,5,3,"5,685"
West Midlands,B49,"283,598",,13,3,"10,097"
West Midlands,B50,"325,228",,10,3,"5,507"
West Midlands,B60,"308,478",783,41,3,"27,158"
West Midlands,B61,"276,247",695,30,3,"24,312"
West Midlands,B62,"263,022",,27,3,"24,112"
West Midlands,B63,"207,552",679,36,3,"36,587"
West Midlands,B64,"192,935",580,11,3,"16,616"
West Midlands,B65,"195,304",,16,3,"23,581"
West Midlands,B66,"166,003",628,6,3,"21,491"
West Midlands,B67,"216,229",802,18,3,"29,853"
West Midlands,B68,"220,169",767,20,3,"30,924"
West Midlands,B69,"182,333",669,20,3,"29,011"
West Midlands,B70,"179,473",663,6,3,"27,772"
West Midlands,B71,"192,997",,18,3,"30,933"
West Midlands,B72,"306,268",,14,3,"9,660"
West Midlands,B73,"341,331",903,23,3,"23,071"
West Midlands,B74,"374,947",973,43,3,"32,007"
West Midlands,B75,"349,773",922,40,3,"26,863"
West Midlands,B76,"328,912",,26,3,"21,509"
West Midlands,B77,"222,256",799,58,3,"57,031"
West Midlands,B78,"261,474",720,23,3,"24,227"
West Midlands,B79,"264,132",723,21,3,"22,298"
West Midlands,B80,"312,925",,7,3,"7,055"
West Midlands,B90,"313,689",948,74,3,"45,652"
West Midlands,B91,"393,683","1,019",51,3,"33,266"
West Midlands,B92,"285,588",899,46,3,"36,116"
West Midlands,B93,"528,457","1,124",31,3,"19,498"
West Midlands,B94,"643,064",,10,3,"7,297"
West Midlands,B95,"442,689",,11,3,"5,994"
West Midlands,B96,"383,998",,7,3,"4,968"
West Midlands,B97,"255,869",653,41,3,"33,402"
West Midlands,B98,"216,420",707,44,3,"49,780"
West Midlands,CV1,"165,216",837,8,2,"30,850"
West Midlands,CV2,"198,198",906,43,3,"63,192"
West Midlands,CV3,"239,565",951,59,3,"63,643"
West Midlands,CV4,"247,113","1,191",30,3,"32,767"
West Midlands,CV5,"247,265",921,53,3,"46,725"
West Midlands,CV6,"191,128",732,58,3,"86,314"
West Midlands,CV7,"356,138",885,29,3,"27,633"
West Midlands,CV8,"379,077",906,37,3,"30,754"
West Midlands,CV9,"293,739",691,23,3,"21,268"
West Midlands,CV10,"204,113",712,53,3,"49,885"
West Midlands,CV11,"270,384",619,40,3,"39,525"
West Midlands,CV12,"208,698",,34,3,"31,503"
West Midlands,CV13,"394,572",,12,3,"10,552"
West Midlands,CV21,"200,925",656,30,3,"34,811"
West Midlands,CV22,"279,490",764,41,3,"35,785"
West Midlands,CV23,"330,080","1,012",29,3,"21,957"
West Midlands,CV31,"267,398",952,46,3,"31,530"
West Midlands,CV32,"331,233",981,52,3,"32,642"
West Midlands,CV33,"400,557",,11,3,"6,251"
West Midlands,CV34,"288,889",861,39,3,"31,251"
West Midlands,CV35,"385,068",992,37,3,"24,518"
West Midlands,CV36,"389,611",,13,3,"9,415"
West Midlands,CV37,"354,786",914,55,3,"40,432"
West Midlands,CV47,"303,833",,25,3,"16,834"
West Midlands,DY1,"183,980",601,16,2,"31,930"
West Midlands,DY2,"160,454",534,19,3,"34,041"
West Midlands,DY3,"229,316",,29,3,"34,092"
West Midlands,DY4,"168,405",656,23,3,"43,161"
West Midlands,DY5,"167,324",619,28,3,"42,238"
West Midlands,DY6,"269,284",695,32,3,"28,146"
West Midlands,DY7,"382,556",,12,3,"8,018"
West Midlands,DY8,"241,644",715,56,3,"50,205"
West Midlands,DY9,"307,353",786,30,3,"30,035"
West Midlands,DY10,"231,158",620,31,3,"35,493"
West Midlands,DY11,"228,624",668,31,3,"30,309"
West Midlands,DY12,"281,165",,13,3,"12,051"
West Midlands,DY13,"237,028",,20,3,"22,330"
West Midlands,DY14,"371,265",,6,3,"8,235"
West Midlands,HR1,"285,537",750,42,3,"32,145"
West Midlands,HR2,"252,451",,36,3,"38,934"
West Midlands,HR3,"367,637",,6,3,"7,515"
West Midlands,HR4,"255,708",754,40,3,"29,989"
West Midlands,HR5,"260,227",,4,3,"4,823"
West Midlands,HR6,"298,451",,22,3,"20,507"
West Midlands,HR7,"252,792",,6,3,"7,013"
West Midlands,HR8,"342,680",,14,3,"14,179"
West Midlands,HR9,"358,515",,24,3,"20,936"
West Midlands,NN1,"198,015",778,28,2,"29,209"
West Midlands,NN2,"248,775",799,44,2,"37,038"
West Midlands,NN3,"258,946",835,68,3,"68,971"
West Midlands,NN4,"286,614",841,57,3,"46,727"
West Midlands,NN5,"249,251",854,42,3,"38,028"
West Midlands,NN6,"360,026",934,45,3,"33,491"
West Midlands,NN7,"364,101",,31,3,"27,339"
West Midlands,NN8,"232,046",744,44,3,"49,059"
West Midlands,NN9,"252,679",733,35,3,"26,243"
West Midlands,NN10,"240,983",735,52,3,"38,277"
West Midlands,NN11,"281,124",757,44,3,"37,439"
West Midlands,NN12,"377,645","1,023",32,3,"23,047"
West Midlands,NN13,"317,584",,23,3,"18,518"
West Midlands,NN14,"291,803",820,60,3,"43,207"
West Midlands,NN15,"271,561",848,33,3,"34,455"
West Midlands,NN16,"180,896",686,22,2,"29,722"
West Midlands,NN17,"218,518",795,20,2,"26,796"
West Midlands,NN18,"214,187",712,32,3,"32,717"
West Midlands,NN29,"274,877",,14,3,"11,489"
West Midlands,ST1,"109,482",499,28,2,"29,562"
West Midlands,ST2,"146,953",,21,3,"34,047"
West Midlands,ST3,"160,582",558,56,3,"67,688"
West Midlands,ST4,"144,552",542,52,2,"56,948"
West Midlands,ST5,"168,923",679,62,3,"82,252"
West Midlands,ST6,"127,104",483,52,3,"64,639"
West Midlands,ST7,"197,391",612,54,3,"53,401"
West Midlands,ST8,"184,363",,19,3,"20,197"
West Midlands,ST9,"253,318",,13,3,"11,933"
West Midlands,ST10,"237,625",,25,3,"25,393"
West Midlands,ST11,"245,449",,10,3,"9,803"
West Midlands,ST12,"347,600",,7,3,"3,597"
West Midlands,ST13,"188,548",485,31,3,"28,113"
West Midlands,ST14,"227,959",,21,3,"20,789"
West Midlands,ST15,"242,852",615,28,3,"21,287"
West Midlands,ST16,"184,659",610,29,2,"30,791"
West Midlands,ST17,"221,737",731,31,3,"39,359"
West Midlands,ST18,"313,245",,15,3,"16,609"
West Midlands,ST19,"320,568",823,13,3,"14,850"
West Midlands,ST20,"317,041",,7,3,"6,677"
West Midlands,ST21,"332,979",,7,3,"6,045"
West Midlands,TF1,"197,874",666,37,3,"37,194"
West Midlands,TF2,"193,488",654,41,3,"38,536"
West Midlands,TF3,"167,688",659,15,2,"23,785"
West Midlands,TF4,"207,070",708,20,3,"18,282"
West Midlands,TF5,"246,850",,6,3,"5,372"
West Midlands,TF6,"358,245",,5,3,"5,183"
West Midlands,TF7,"145,581",,11,3,"17,769"
West Midlands,TF8,"268,325",,3,3,"3,025"
West Midlands,TF9,"279,550",678,24,3,"25,480"
West Midlands,TF10,"285,095",747,21,3,"18,828"
West Midlands,TF11,"309,277",,11,3,"9,677"
West Midlands,TF12,"270,269",,5,3,"5,376"
West Midlands,TF13,"352,815",,5,3,"3,721"
West Midlands,WR1,"183,037",655,12,2,"9,229"
West Midlands,WR2,"269,642",597,33,3,"29,799"
West Midlands,WR3,"272,488",,32,3,"20,397"
West Midlands,WR4,"216,737",747,19,3,"26,127"
West Midlands,WR5,"251,956",755,40,3,"30,933"
West Midlands,WR6,"432,042",,14,3,"12,214"
West Midlands,WR7,"482,497",,8,3,"5,348"
West Midlands,WR8,"420,679",,9,3,"8,093"
West Midlands,WR9,"287,485",711,29,3,"31,009"
West Midlands,WR10,"329,481",,27,3,"17,746"
West Midlands,WR11,"282,391",683,46,3,"41,501"
West Midlands,WR12,"422,455",,9,3,"5,576"
West Midlands,WR13,"451,849",,10,3,"8,274"
West Midlands,WR14,"292,428",734,42,3,"34,258"
West Midlands,WR15,"354,875",,8,3,"7,195"
West Midlands,WS1,"178,746",539,16,2,"26,942"
West Midlands,WS2,"147,951",598,18,3,"38,857"
West Midlands,WS3,"186,250",711,29,3,"50,107"
West Midlands,WS4,"212,947",,16,3,"17,012"
West Midlands,WS5,"299,840",,22,3,"21,540"
West Midlands,WS6,"242,100",,17,3,"18,282"
West Midlands,WS7,"242,278",,28,3,"29,651"
West Midlands,WS8,"199,374",,12,3,"15,652"
West Midlands,WS9,"268,126",,25,3,"26,509"
West Midlands,WS10,"179,766",638,22,3,"46,710"
West Midlands,WS11,"210,875",630,41,3,"42,626"
West Midlands,WS12,"210,659",696,34,3,"35,108"
West Midlands,WS13,"276,470",862,34,3,"26,375"
West Midlands,WS14,"346,411",778,19,3,"17,644"
West Midlands,WS15,"242,755",653,33,3,"36,610"
West Midlands,WV1,"125,482",566,5,2,"16,413"
West Midlands,WV2,"147,512",638,9,3,"15,148"
West Midlands,WV3,"219,787",616,21,3,"29,663"
West Midlands,WV4,"235,166",,24,3,"34,295"
West Midlands,WV5,"284,744",,10,3,"15,537"
West Midlands,WV6,"242,356",712,38,3,"44,689"
West Midlands,WV7,"331,650",,4,3,"6,896"
West Midlands,WV8,"283,688",,13,3,"15,926"
West Midlands,WV9,"211,770",,8,3,"7,108"
West Midlands,WV10,"182,142",781,27,3,"56,258"
West Midlands,WV11,"199,076",663,24,3,"34,832"
West Midlands,WV12,"192,855",,19,3,"25,417"
West Midlands,WV13,"161,442",,10,3,"20,899"
West Midlands,WV14,"176,453",670,27,3,"46,931"
West Midlands,WV15,"301,648",,9,3,"8,412"
West Midlands,WV16,"252,390",,25,3,"17,634"